<?xml version="1.0"?>
<entity xmlns:xsi="http://www.w3.org/2001/XMLSchema-instance" xmlns:xsd="http://www.w3.org/2001/XMLSchema" id="7be6b1ed-b699-430c-9756-84d7fc517921" lastModifiedUtc="2013-09-18T18:40:24.9764108Z" manageSchema="true" tableName="FORECAST" name="Forecast" displayPropertyId="441d625d-d504-4f13-a361-f6cc05a87d80" isExtension="false" audited="true" smallImage="[Localization!Global_Images:pie-chart16]" largeImage="[Localization!Global_Images:pie-chart24]" onBeforeInsertMethodId="e9979ad0-4dfe-4dad-9802-e668ef0dd9ac" onAfterInsertMethodId="4cb856f1-f681-4404-83a7-9ad9757cf6ed" onBeforeUpdateMethodId="2bf60049-6727-4a8e-9827-ad94fad64af7" onAfterUpdateMethodId="53888ca2-2ad2-4afb-9233-acb815e79ec8" onBeforeDeleteMethodId="8de745f7-a719-4697-a62e-bb594cb4df05" onAfterDeleteMethodId="88575212-f14e-44c4-bfdf-3a357a155e1b" onCreateId="ebe3c0b5-be2f-4c04-a7f4-3071112cd6f1">
  <extendedMetaData />
  <ExtendedPropertiesCollection>
    <extendee type="Sage.Platform.Orm.Entities.OrmEntity">
      <extender guid="1589723d-0536-4bf3-bdd7-3f6f7fe165d0">
        <OrmEntityMetadataExtension>
          <StringExpression>${Description}</StringExpression>
          <HistoryTypeName>IForecastAudit</HistoryTypeName>
          <IsHistoryTable>false</IsHistoryTable>
        </OrmEntityMetadataExtension>
      </extender>
      <extender guid="76aa0e24-2c8f-3b71-a1f9-ca6db3db4459">
        <OrmEntitySDataExtension generateFeed="true" pathName="forecasts" lastUpdatedPropertyId="168bba39-d8b9-422f-b3d1-f2cf19722229" canPost="true" canPut="true" canDelete="true" />
      </extender>
    </extendee>
  </ExtendedPropertiesCollection>
  <keyProperties>
    <keyReference id="c00ba4f7-77a9-4d18-a427-c59b2f12eafb" ordinalPosition="0" />
  </keyProperties>
  <properties>
    <property xsi:type="OrmFieldProperty" id="c00ba4f7-77a9-4d18-a427-c59b2f12eafb" lastModifiedUtc="2013-06-27T19:40:52.7949736Z" name="ForecastId" audited="false" isNullable="false" include="false" columnName="FORECASTID" maxLength="12" precision="0" scale="0" ordinal="0" isReadOnly="false">
      <ExtendedPropertiesCollection>
        <extendee type="Sage.Platform.Orm.Entities.OrmFieldProperty">
          <extender guid="ae60621d-9d91-3d9a-b9fb-eb6c8be12131">
            <OrmEntityPropertySDataExtension generate="true" />
          </extender>
        </extendee>
      </ExtendedPropertiesCollection>
      <SystemDataType guid="30053f5a-8d40-4db1-b185-1e4128eb26cc">
        <StandardIdDataType />
      </SystemDataType>
    </property>
    <property xsi:type="OrmFieldProperty" id="aed0397a-e0ed-44f0-af49-ce7a9b727235" lastModifiedUtc="2013-06-27T19:40:52.7969737Z" name="CreateUser" audited="false" columnName="CREATEUSER" maxLength="12" precision="0" scale="0" ordinal="1" isReadOnly="false">
      <ExtendedPropertiesCollection>
        <extendee type="Sage.Platform.Orm.Entities.OrmFieldProperty">
          <extender guid="ae60621d-9d91-3d9a-b9fb-eb6c8be12131">
            <OrmEntityPropertySDataExtension generate="true" />
          </extender>
        </extendee>
      </ExtendedPropertiesCollection>
      <SystemDataType guid="30053f5a-8d40-4db1-b185-1e4128eb26cc">
        <StandardIdDataType />
      </SystemDataType>
    </property>
    <property xsi:type="OrmFieldProperty" id="1d2818e5-6f0b-486a-9b0d-455dbd06bb0e" lastModifiedUtc="2013-06-27T19:40:52.7989738Z" name="CreateDate" audited="false" columnName="CREATEDATE" maxLength="0" precision="0" scale="0" ordinal="2" isReadOnly="false">
      <ExtendedPropertiesCollection>
        <extendee type="Sage.Platform.Orm.Entities.OrmFieldProperty">
          <extender guid="ae60621d-9d91-3d9a-b9fb-eb6c8be12131">
            <OrmEntityPropertySDataExtension generate="true" />
          </extender>
        </extendee>
      </ExtendedPropertiesCollection>
      <SystemDataType guid="1f08f2eb-87c8-443b-a7c2-a51f590923f5">
        <DateTimeDataType />
      </SystemDataType>
    </property>
    <property xsi:type="OrmFieldProperty" id="bfdc9d00-17da-4985-a296-f84743e63eab" lastModifiedUtc="2013-06-27T19:40:52.7989738Z" name="ModifyUser" audited="false" columnName="MODIFYUSER" maxLength="12" precision="0" scale="0" ordinal="3" isReadOnly="false">
      <ExtendedPropertiesCollection>
        <extendee type="Sage.Platform.Orm.Entities.OrmFieldProperty">
          <extender guid="ae60621d-9d91-3d9a-b9fb-eb6c8be12131">
            <OrmEntityPropertySDataExtension generate="true" />
          </extender>
        </extendee>
      </ExtendedPropertiesCollection>
      <SystemDataType guid="30053f5a-8d40-4db1-b185-1e4128eb26cc">
        <StandardIdDataType />
      </SystemDataType>
    </property>
    <property xsi:type="OrmFieldProperty" id="168bba39-d8b9-422f-b3d1-f2cf19722229" lastModifiedUtc="2013-06-27T19:40:52.8009739Z" name="ModifyDate" audited="false" columnName="MODIFYDATE" maxLength="0" precision="0" scale="0" ordinal="4" isReadOnly="false">
      <ExtendedPropertiesCollection>
        <extendee type="Sage.Platform.Orm.Entities.OrmFieldProperty">
          <extender guid="ae60621d-9d91-3d9a-b9fb-eb6c8be12131">
            <OrmEntityPropertySDataExtension generate="true" />
          </extender>
        </extendee>
      </ExtendedPropertiesCollection>
      <SystemDataType guid="1f08f2eb-87c8-443b-a7c2-a51f590923f5">
        <DateTimeDataType />
      </SystemDataType>
    </property>
    <property xsi:type="OrmFieldProperty" id="441d625d-d504-4f13-a361-f6cc05a87d80" lastModifiedUtc="2013-06-27T19:40:52.802974Z" name="Description" audited="false" columnName="DESCRIPTION" maxLength="2147483647" precision="0" scale="0" ordinal="13" isReadOnly="false">
      <ExtendedPropertiesCollection>
        <extendee type="Sage.Platform.Orm.Entities.OrmFieldProperty">
          <extender guid="ae60621d-9d91-3d9a-b9fb-eb6c8be12131">
            <OrmEntityPropertySDataExtension generate="true" />
          </extender>
        </extendee>
      </ExtendedPropertiesCollection>
      <SystemDataType guid="ccc0f01d-7ba5-408e-8526-a3f942354b3a">
        <TextDataType>
          <Length>256</Length>
        </TextDataType>
      </SystemDataType>
    </property>
    <property xsi:type="OrmFieldProperty" id="01f6b012-dd1c-45c5-9ac1-b219f937e12a" lastModifiedUtc="2013-06-27T19:40:52.8049742Z" name="BeginDate" audited="true" columnName="BEGINDATE" maxLength="0" precision="0" scale="0" ordinal="8" isReadOnly="false">
      <ExtendedPropertiesCollection>
        <extendee type="Sage.Platform.Orm.Entities.OrmFieldProperty">
          <extender guid="ae60621d-9d91-3d9a-b9fb-eb6c8be12131">
            <OrmEntityPropertySDataExtension generate="true" />
          </extender>
        </extendee>
      </ExtendedPropertiesCollection>
      <SystemDataType guid="1f08f2eb-87c8-443b-a7c2-a51f590923f5">
        <DateTimeDataType />
      </SystemDataType>
    </property>
    <property xsi:type="OrmFieldProperty" id="cce163fb-c629-4536-abca-9c084db7b399" lastModifiedUtc="2013-06-27T19:40:52.8059742Z" name="EndDate" audited="false" columnName="ENDDATE" maxLength="0" precision="0" scale="0" ordinal="9" isReadOnly="false">
      <ExtendedPropertiesCollection>
        <extendee type="Sage.Platform.Orm.Entities.OrmFieldProperty">
          <extender guid="ae60621d-9d91-3d9a-b9fb-eb6c8be12131">
            <OrmEntityPropertySDataExtension generate="true" />
          </extender>
        </extendee>
      </ExtendedPropertiesCollection>
      <SystemDataType guid="1f08f2eb-87c8-443b-a7c2-a51f590923f5">
        <DateTimeDataType />
      </SystemDataType>
    </property>
    <property xsi:type="OrmFieldProperty" id="7bc0d861-f8ac-46e0-8085-c14aa8d3fc88" lastModifiedUtc="2013-06-27T19:40:52.8079743Z" name="Amount" audited="true" columnName="FORECASTAMT" maxLength="0" precision="17" scale="4" ordinal="10" isReadOnly="false">
      <ExtendedPropertiesCollection>
        <extendee type="Sage.Platform.Orm.Entities.OrmFieldProperty">
          <extender guid="ae60621d-9d91-3d9a-b9fb-eb6c8be12131">
            <OrmEntityPropertySDataExtension generate="true" />
          </extender>
        </extendee>
      </ExtendedPropertiesCollection>
      <SystemDataType guid="2596d57d-89d6-4b72-9036-b18c64c5324c">
        <DecimalDataType>
          <Precision>17</Precision>
          <Scale>4</Scale>
        </DecimalDataType>
      </SystemDataType>
    </property>
    <property xsi:type="OrmFieldProperty" id="fe6384cc-ac03-4659-ba72-40efcc867597" lastModifiedUtc="2013-06-27T19:40:52.8089744Z" name="AssignedtoId" audited="false" columnName="ASSIGNEDTOID" maxLength="12" precision="0" scale="0" ordinal="10" isReadOnly="false">
      <ExtendedPropertiesCollection>
        <extendee type="Sage.Platform.Orm.Entities.OrmFieldProperty">
          <extender guid="ae60621d-9d91-3d9a-b9fb-eb6c8be12131">
            <OrmEntityPropertySDataExtension generate="true" />
          </extender>
        </extendee>
      </ExtendedPropertiesCollection>
      <SystemDataType guid="30053f5a-8d40-4db1-b185-1e4128eb26cc">
        <StandardIdDataType />
      </SystemDataType>
    </property>
    <property xsi:type="OrmFieldProperty" id="199af825-1fc4-42d5-baa0-94fbe95997ab" lastModifiedUtc="2013-09-18T18:40:24.9764108Z" name="Active" audited="false" columnName="ISACTIVE" maxLength="1" precision="0" scale="0" ordinal="11" isReadOnly="false">
      <ExtendedPropertiesCollection>
        <extendee type="Sage.Platform.Orm.Entities.OrmFieldProperty">
          <extender guid="ae60621d-9d91-3d9a-b9fb-eb6c8be12131">
            <OrmEntityPropertySDataExtension generate="true" />
          </extender>
        </extendee>
      </ExtendedPropertiesCollection>
      <SystemDataType guid="92432b4d-8206-4a96-ba7b-e4cbd374f148">
        <TrueFalseDataType />
      </SystemDataType>
    </property>
  </properties>
</entity>