<?xml version="1.0"?>
<method xmlns:xsi="http://www.w3.org/2001/XMLSchema-instance" xmlns:xsd="http://www.w3.org/2001/XMLSchema" id="dc2f2a33-c1eb-4381-a56f-09ea8d5da51b" lastModifiedUtc="2013-08-07T16:43:39.5926753Z" name="PeriodQuotaAmt" returnType="Double" methodType="Rule" actionType="None" returnMode="Object">
  <extendedMetaData />
  <ExtendedPropertiesCollection>
    <extendee type="Sage.Platform.Orm.Entities.OrmEntityMethod" />
  </ExtendedPropertiesCollection>
  <parameter />
  <preExecuteTargets />
  <methodTargets>
    <methodTarget xsi:type="OrmMethodTargetSnippet" id="fae7aa75-2a30-46cc-a4bb-92bdf7640f65" lastModifiedUtc="2013-08-07T16:44:27.6814258Z" targetType="Sage.BusinessRules.CodeSnippets.ForecastBusinessRules, Sage.SnippetLibrary.CSharp" targetMethod="PeriodQuotaAmtStep" active="true" codeSnippetId="e974c797-2d2b-4f00-a8b2-1cd1bb4209f1">
      <ExtendedPropertiesCollection>
        <extendee type="Sage.Platform.Orm.Entities.OrmMethodTargetSnippet" />
      </ExtendedPropertiesCollection>
    </methodTarget>
  </methodTargets>
  <postExecuteTargets />
  <postFlushTargets />
</method>