<?xml version="1.0"?>
<PortalPage xmlns:xsi="http://www.w3.org/2001/XMLSchema-instance" xmlns:xsd="http://www.w3.org/2001/XMLSchema" id="2a68657c-3039-4400-bf93-b008b381c964">
  <PageAlias>NotificationEvent</PageAlias>
  <SmallImage>[Localization!Global_Images:NotificationEvent_16x16]</SmallImage>
  <LargeImage>[Localization!Global_Images:NotificationEvent_24x24]</LargeImage>
  <TemplateUrl>Masters\base.master</TemplateUrl>
  <InheritTemplate>false</InheritTemplate>
  <InheritsFrom>Sage.Platform.WebPortal.EntityPage, Sage.Platform.WebPortal</InheritsFrom>
  <Properties>
    <Property Name="EntityTypeName" TypeConverter="">Sage.Entity.Interfaces.INotificationEvent, Sage.Entity.Interfaces, Version=0.0.0.0, Culture=neutral, PublicKeyToken=null</Property>
  </Properties>
  <TemplateProperties>
    <Property Name="IncludeMoreTabsTab" TypeConverter="">False</Property>
  </TemplateProperties>
  <IsDefaultPage>false</IsDefaultPage>
  <ExcludedGlobalModules />
  <AppliedSecurity />
  <IncludeScript />
</PortalPage>