<?xml version="1.0"?>
<entity xmlns:xsi="http://www.w3.org/2001/XMLSchema-instance" xmlns:xsd="http://www.w3.org/2001/XMLSchema" id="e6c308be-14d1-4d21-b6ee-185ac6ed708b" lastModifiedUtc="2013-09-18T18:43:07.2026897Z" manageSchema="false" tableName="FORECASTSNAPSHOT" name="ForecastSnapshot" displayPropertyId="bc83ff0d-e672-4e16-9e58-4a81699c320e" isExtension="false" audited="false" onBeforeInsertMethodId="0bf88431-7eaa-43ba-a8ab-351469e7f389" onAfterInsertMethodId="6bc94b9c-9ecd-44ae-aab2-1f05aaa38dd7" onBeforeUpdateMethodId="41093687-72de-4309-8ba7-4a54fcf22465" onAfterUpdateMethodId="ae8e7951-4b45-408f-8c85-ee7dbc0348d2" onBeforeDeleteMethodId="d366cf6e-c120-44ce-a524-fed6875b9a96" onAfterDeleteMethodId="ea788f75-71f5-45ef-aac0-43706c153334" onCreateId="38905d71-d8ee-477d-90a9-db0489f562e4">
  <extendedMetaData />
  <ExtendedPropertiesCollection>
    <extendee type="Sage.Platform.Orm.Entities.OrmEntity">
      <extender guid="1589723d-0536-4bf3-bdd7-3f6f7fe165d0">
        <OrmEntityMetadataExtension>
          <StringExpression>${Description}</StringExpression>
          <IsHistoryTable>false</IsHistoryTable>
        </OrmEntityMetadataExtension>
      </extender>
      <extender guid="76aa0e24-2c8f-3b71-a1f9-ca6db3db4459">
        <OrmEntitySDataExtension generateFeed="true" pathName="forecastSnapshots" lastUpdatedPropertyId="f85ed72f-b529-459d-8c9c-c76f583fc6f3" canPost="true" canPut="true" canDelete="true" />
      </extender>
    </extendee>
  </ExtendedPropertiesCollection>
  <keyProperties>
    <keyReference id="8c26279f-d7e7-44e2-8ddc-059e2c1fd517" ordinalPosition="1" />
  </keyProperties>
  <properties>
    <property xsi:type="OrmFieldProperty" id="8c26279f-d7e7-44e2-8ddc-059e2c1fd517" lastModifiedUtc="2013-09-18T18:41:27.7129992Z" name="ForecastSnapshotId" audited="false" isNullable="false" include="false" columnName="FORECASTSNAPSHOTID" maxLength="12" precision="0" scale="0" ordinal="0" isReadOnly="false">
      <ExtendedPropertiesCollection>
        <extendee type="Sage.Platform.Orm.Entities.OrmFieldProperty">
          <extender guid="ae60621d-9d91-3d9a-b9fb-eb6c8be12131">
            <OrmEntityPropertySDataExtension generate="true" />
          </extender>
        </extendee>
      </ExtendedPropertiesCollection>
      <SystemDataType guid="30053f5a-8d40-4db1-b185-1e4128eb26cc">
        <StandardIdDataType />
      </SystemDataType>
    </property>
    <property xsi:type="OrmFieldProperty" id="26d277e8-5cf8-40b5-8984-ac8dadb320b6" lastModifiedUtc="2013-09-18T18:41:25.839892Z" name="ForecastId" audited="false" isNullable="false" include="false" columnName="FORECASTID" maxLength="12" precision="0" scale="0" ordinal="1" isReadOnly="false">
      <ExtendedPropertiesCollection>
        <extendee type="Sage.Platform.Orm.Entities.OrmFieldProperty">
          <extender guid="ae60621d-9d91-3d9a-b9fb-eb6c8be12131">
            <OrmEntityPropertySDataExtension generate="true" />
          </extender>
        </extendee>
      </ExtendedPropertiesCollection>
      <SystemDataType guid="30053f5a-8d40-4db1-b185-1e4128eb26cc">
        <StandardIdDataType />
      </SystemDataType>
    </property>
    <property xsi:type="OrmFieldProperty" id="36aeb849-7ed4-4433-89a7-59d19e4d8c33" lastModifiedUtc="2013-09-18T18:40:42.4184085Z" name="CreateUser" audited="false" columnName="CREATEUSER" maxLength="12" precision="0" scale="0" ordinal="2" isReadOnly="false">
      <ExtendedPropertiesCollection>
        <extendee type="Sage.Platform.Orm.Entities.OrmFieldProperty">
          <extender guid="ae60621d-9d91-3d9a-b9fb-eb6c8be12131">
            <OrmEntityPropertySDataExtension generate="true" />
          </extender>
        </extendee>
      </ExtendedPropertiesCollection>
      <SystemDataType guid="30053f5a-8d40-4db1-b185-1e4128eb26cc">
        <StandardIdDataType />
      </SystemDataType>
    </property>
    <property xsi:type="OrmFieldProperty" id="1d78c545-9220-4fda-93aa-e8c1ccee22f9" lastModifiedUtc="2013-09-18T18:40:42.4214086Z" name="CreateDate" audited="false" columnName="CREATEDATE" maxLength="0" precision="0" scale="0" ordinal="3" isReadOnly="false">
      <ExtendedPropertiesCollection>
        <extendee type="Sage.Platform.Orm.Entities.OrmFieldProperty">
          <extender guid="ae60621d-9d91-3d9a-b9fb-eb6c8be12131">
            <OrmEntityPropertySDataExtension generate="true" />
          </extender>
        </extendee>
      </ExtendedPropertiesCollection>
      <SystemDataType guid="1f08f2eb-87c8-443b-a7c2-a51f590923f5">
        <DateTimeDataType />
      </SystemDataType>
    </property>
    <property xsi:type="OrmFieldProperty" id="6c560e2f-e9b2-4b14-adda-9de971ca82b4" lastModifiedUtc="2013-09-18T18:40:42.4234088Z" name="ModifyUser" audited="false" columnName="MODIFYUSER" maxLength="12" precision="0" scale="0" ordinal="4" isReadOnly="false">
      <ExtendedPropertiesCollection>
        <extendee type="Sage.Platform.Orm.Entities.OrmFieldProperty">
          <extender guid="ae60621d-9d91-3d9a-b9fb-eb6c8be12131">
            <OrmEntityPropertySDataExtension generate="true" />
          </extender>
        </extendee>
      </ExtendedPropertiesCollection>
      <SystemDataType guid="30053f5a-8d40-4db1-b185-1e4128eb26cc">
        <StandardIdDataType />
      </SystemDataType>
    </property>
    <property xsi:type="OrmFieldProperty" id="f85ed72f-b529-459d-8c9c-c76f583fc6f3" lastModifiedUtc="2013-09-18T18:40:42.4264089Z" name="ModifyDate" audited="false" columnName="MODIFYDATE" maxLength="0" precision="0" scale="0" ordinal="5" isReadOnly="false">
      <ExtendedPropertiesCollection>
        <extendee type="Sage.Platform.Orm.Entities.OrmFieldProperty">
          <extender guid="ae60621d-9d91-3d9a-b9fb-eb6c8be12131">
            <OrmEntityPropertySDataExtension generate="true" />
          </extender>
        </extendee>
      </ExtendedPropertiesCollection>
      <SystemDataType guid="1f08f2eb-87c8-443b-a7c2-a51f590923f5">
        <DateTimeDataType />
      </SystemDataType>
    </property>
    <property xsi:type="OrmFieldProperty" id="247618bf-fd41-43bc-ad11-453ec4395bc9" lastModifiedUtc="2013-09-18T18:40:42.4294091Z" name="SnapshotDate" audited="false" columnName="SNAPSHOTDATE" maxLength="0" precision="0" scale="0" ordinal="6" isReadOnly="false">
      <ExtendedPropertiesCollection>
        <extendee type="Sage.Platform.Orm.Entities.OrmFieldProperty">
          <extender guid="ae60621d-9d91-3d9a-b9fb-eb6c8be12131">
            <OrmEntityPropertySDataExtension generate="true" />
          </extender>
        </extendee>
      </ExtendedPropertiesCollection>
      <SystemDataType guid="1f08f2eb-87c8-443b-a7c2-a51f590923f5">
        <DateTimeDataType />
      </SystemDataType>
    </property>
    <property xsi:type="OrmFieldProperty" id="f7df84a6-5974-47b7-a7f5-88ed9da45681" lastModifiedUtc="2013-09-18T18:41:11.1620525Z" name="ForecastAmount" audited="false" columnName="FORECASTAMOUNT" maxLength="0" precision="17" scale="4" ordinal="7" isReadOnly="false">
      <ExtendedPropertiesCollection>
        <extendee type="Sage.Platform.Orm.Entities.OrmFieldProperty">
          <extender guid="ae60621d-9d91-3d9a-b9fb-eb6c8be12131">
            <OrmEntityPropertySDataExtension generate="true" />
          </extender>
        </extendee>
      </ExtendedPropertiesCollection>
      <SystemDataType guid="2596d57d-89d6-4b72-9036-b18c64c5324c">
        <DecimalDataType>
          <Precision>17</Precision>
          <Scale>4</Scale>
        </DecimalDataType>
      </SystemDataType>
    </property>
    <property xsi:type="OrmFieldProperty" id="1bf77597-d0fa-4a45-a36d-aa708ffb7ec0" lastModifiedUtc="2013-09-18T18:41:20.0895631Z" name="QuotaAmt" audited="false" columnName="QUOTAAMT" maxLength="0" precision="17" scale="4" ordinal="8" isReadOnly="false">
      <ExtendedPropertiesCollection>
        <extendee type="Sage.Platform.Orm.Entities.OrmFieldProperty">
          <extender guid="ae60621d-9d91-3d9a-b9fb-eb6c8be12131">
            <OrmEntityPropertySDataExtension generate="true" />
          </extender>
        </extendee>
      </ExtendedPropertiesCollection>
      <SystemDataType guid="2596d57d-89d6-4b72-9036-b18c64c5324c">
        <DecimalDataType>
          <Precision>17</Precision>
          <Scale>4</Scale>
        </DecimalDataType>
      </SystemDataType>
    </property>
    <property xsi:type="OrmFieldProperty" id="baf2f748-8902-4c2b-9362-4e15d086f655" lastModifiedUtc="2013-09-18T18:41:07.3438341Z" name="ClosedWonAmt" audited="false" columnName="CLOSEDWONAMT" maxLength="0" precision="17" scale="4" ordinal="9" isReadOnly="false">
      <ExtendedPropertiesCollection>
        <extendee type="Sage.Platform.Orm.Entities.OrmFieldProperty">
          <extender guid="ae60621d-9d91-3d9a-b9fb-eb6c8be12131">
            <OrmEntityPropertySDataExtension generate="true" />
          </extender>
        </extendee>
      </ExtendedPropertiesCollection>
      <SystemDataType guid="2596d57d-89d6-4b72-9036-b18c64c5324c">
        <DecimalDataType>
          <Precision>17</Precision>
          <Scale>4</Scale>
        </DecimalDataType>
      </SystemDataType>
    </property>
    <property xsi:type="OrmFieldProperty" id="bc83ff0d-e672-4e16-9e58-4a81699c320e" lastModifiedUtc="2013-09-18T18:42:45.6054544Z" name="Description" audited="false" columnName="DESCRIPTION" maxLength="320" precision="0" scale="0" ordinal="10" isReadOnly="false">
      <ExtendedPropertiesCollection>
        <extendee type="Sage.Platform.Orm.Entities.OrmFieldProperty">
          <extender guid="ae60621d-9d91-3d9a-b9fb-eb6c8be12131">
            <OrmEntityPropertySDataExtension generate="true" />
          </extender>
        </extendee>
      </ExtendedPropertiesCollection>
      <SystemDataType guid="ccc0f01d-7ba5-408e-8526-a3f942354b3a">
        <TextDataType>
          <Length>320</Length>
        </TextDataType>
      </SystemDataType>
    </property>
  </properties>
</entity>