<?xml version="1.0"?>
<method xmlns:xsi="http://www.w3.org/2001/XMLSchema-instance" xmlns:xsd="http://www.w3.org/2001/XMLSchema" id="c0a6bd50-6dfa-4d56-aa41-a46b9f5a88ef" lastModifiedUtc="2013-09-19T16:03:17.7466283Z" name="Clone" returnType="String" methodType="Rule" actionType="None" returnMode="Object">
  <extendedMetaData />
  <ExtendedPropertiesCollection>
    <extendee type="Sage.Platform.Orm.Entities.OrmEntityMethod" />
  </ExtendedPropertiesCollection>
  <parameter />
  <preExecuteTargets />
  <methodTargets>
    <methodTarget xsi:type="OrmMethodTargetSnippet" id="f8024ae3-5988-49d0-b7e4-e5f02cb6c01d" lastModifiedUtc="2013-10-02T22:34:56.8373156Z" targetType="Sage.BusinessRules.CodeSnippets.QuotaBusinessRules, Sage.SnippetLibrary.CSharp" targetMethod="CloneStep" active="true" description="Creates a copy of the current Quota - for the next Fiscal Period.&#xD;&#xA;&#xD;&#xA;Returns the Id of the new Quota (QUOTAID)." codeSnippetId="c867a62a-99ec-4ca1-a060-ded17ee4a5c4">
      <ExtendedPropertiesCollection>
        <extendee type="Sage.Platform.Orm.Entities.OrmMethodTargetSnippet" />
      </ExtendedPropertiesCollection>
    </methodTarget>
  </methodTargets>
  <postExecuteTargets />
  <postFlushTargets />
</method>