<?xml version="1.0"?>
<PortalPage xmlns:xsi="http://www.w3.org/2001/XMLSchema-instance" xmlns:xsd="http://www.w3.org/2001/XMLSchema" id="6034254c-3f8d-401a-8c4c-9f70b3b5cbc5">
  <PageAlias>InsertDeliveryItem</PageAlias>
  <SmallImage>[Localization!Global_Images:notify_email_job_16x16]</SmallImage>
  <LargeImage>[Localization!Global_Images:notify_email_job_32x32]</LargeImage>
  <TemplateUrl>Masters\base.master</TemplateUrl>
  <InheritTemplate>false</InheritTemplate>
  <InheritsFrom>Sage.Platform.WebPortal.EntityPage, Sage.Platform.WebPortal</InheritsFrom>
  <Properties>
    <Property Name="EntityTypeName" TypeConverter="">Sage.Entity.Interfaces.IDeliveryItem, Sage.Entity.Interfaces, Version=0.0.0.0, Culture=neutral, PublicKeyToken=null</Property>
  </Properties>
  <TemplateProperties />
  <IsDefaultPage>false</IsDefaultPage>
  <ExcludedGlobalModules />
  <AppliedSecurity />
  <IncludeScript />
</PortalPage>