<?xml version="1.0"?>
<PortalPage xmlns:xsi="http://www.w3.org/2001/XMLSchema-instance" xmlns:xsd="http://www.w3.org/2001/XMLSchema" id="77ec56bc-0b83-42c9-a09f-cdc8cdf56333">
  <PageAlias>DeliverySystem</PageAlias>
  <SmallImage>[Localization!Global_Images:DeliverySystem_16x16]</SmallImage>
  <LargeImage>[Localization!Global_Images:DeliverySystem_24x24]</LargeImage>
  <TemplateUrl>Masters\base.master</TemplateUrl>
  <InheritsFrom>Sage.Platform.WebPortal.EntityPage, Sage.Platform.WebPortal</InheritsFrom>
  <Properties>
    <Property Name="EntityTypeName" TypeConverter="">Sage.Entity.Interfaces.IDeliverySystem, Sage.Entity.Interfaces, Version=0.0.0.0, Culture=neutral, PublicKeyToken=null</Property>
  </Properties>
  <TemplateProperties>
    <Property Name="IncludeMiddlePane" TypeConverter="">False</Property>
    <Property Name="IncludeMoreTabsTab" TypeConverter="">False</Property>
  </TemplateProperties>
  <IsDefaultPage>false</IsDefaultPage>
  <ExcludedGlobalModules />
  <AppliedSecurity>Entities/DeliverySystem/View</AppliedSecurity>
  <IncludeScript />
</PortalPage>