<?xml version="1.0"?>
<PortalPage xmlns:xsi="http://www.w3.org/2001/XMLSchema-instance" xmlns:xsd="http://www.w3.org/2001/XMLSchema" id="c1ff98cc-4498-4ecb-83bc-f4a5a29fb724">
  <PageAlias>InsertForecast</PageAlias>
  <SmallImage>[Localization!Global_Images:pie-chart16]</SmallImage>
  <LargeImage>[Localization!Global_Images:pie-chart24]</LargeImage>
  <TemplateUrl>Masters\Base.Master</TemplateUrl>
  <InheritTemplate>false</InheritTemplate>
  <InheritsFrom>Sage.Platform.WebPortal.EntityPage, Sage.Platform.WebPortal</InheritsFrom>
  <Properties>
    <Property Name="EntityTypeName" TypeConverter="">Sage.Entity.Interfaces.IForecast, Sage.Entity.Interfaces</Property>
  </Properties>
  <TemplateProperties>
    <Property Name="IncludeMiddlePane" TypeConverter="">False</Property>
    <Property Name="IncludeMoreTabsTab" TypeConverter="">False</Property>
    <Property Name="IncludeTaskPane" TypeConverter="">False</Property>
  </TemplateProperties>
  <IsDefaultPage>false</IsDefaultPage>
  <ExcludedGlobalModules />
  <AppliedSecurity />
  <IncludeScript />
</PortalPage>