<?xml version="1.0"?>
<SmartPartMapping xmlns:xsi="http://www.w3.org/2001/XMLSchema-instance" xmlns:xsd="http://www.w3.org/2001/XMLSchema" id="126772da-5c62-4348-9c02-9b5010aa167c">
  <SmartPartId>DeliveryItemTargets</SmartPartId>
  <ReferencedModelId>b2741b79-02a2-4f4c-81cd-c204f82cf41c</ReferencedModelId>
  <SmartPart>\Entity Model\SalesLogix Application Entities\DeliveryItem\QuickForms\DeliveryItemTargets.main.quickform.xml</SmartPart>
  <TargetWorkspace>TabControl</TargetWorkspace>
  <ShowInMode>Detail</ShowInMode>
  <Properties>
    <Property Name="HelpTopic" TypeConverter="">defectlistview</Property>
  </Properties>
  <AllowRoles />
</SmartPartMapping>