<?xml version="1.0"?>
<SmartPartMapping xmlns:xsi="http://www.w3.org/2001/XMLSchema-instance" xmlns:xsd="http://www.w3.org/2001/XMLSchema" id="e066d2eb-f264-4528-90a2-b24a2885c842">
  <SmartPartId>DeliveryItemDetails</SmartPartId>
  <ReferencedModelId>b2741b79-02a2-4f4c-81cd-c204f82cf41c</ReferencedModelId>
  <SmartPart>\Entity Model\SalesLogix Application Entities\DeliveryItem\QuickForms\DeliveryItemDetails.main.quickform.xml</SmartPart>
  <TargetWorkspace>MainContent</TargetWorkspace>
  <ShowInMode>Detail</ShowInMode>
  <Properties>
    <Property Name="HelpTopic" TypeConverter="">defectlistview</Property>
  </Properties>
  <AllowRoles />
</SmartPartMapping>