<?xml version="1.0"?>
<entity xmlns:xsi="http://www.w3.org/2001/XMLSchema-instance" xmlns:xsd="http://www.w3.org/2001/XMLSchema" id="e24c9104-aa36-4fae-b682-756e4ba30037" lastModifiedUtc="2013-11-12T04:22:17.580702Z" manageSchema="false" tableName="NOTIFICATIONEVENT" name="NotificationEvent" displayPropertyId="aff50e5f-a4bd-4dee-9626-4d91f54a300d" isExtension="false" cacheUsage="ReadWrite" audited="false" smallImage="[Localization!Global_Images:NotificationEvent_16x16]" largeImage="[Localization!Global_Images:NotificationEvent_24x24]" onBeforeInsertMethodId="e461c1c0-41fd-4182-b07b-36715760368d" onAfterInsertMethodId="50bb222b-a159-44a8-a3c7-27e293820a22" onBeforeUpdateMethodId="cae2f038-c59d-4143-a2ca-36d57c9265d7" onAfterUpdateMethodId="60f27aaa-f247-4d36-9e2b-00724fcbb9c3" onBeforeDeleteMethodId="ea08a07c-cd7f-40a5-808e-15417b01f17d" onAfterDeleteMethodId="ce8122af-85ce-4919-8be4-6fed7b0e221e" onCreateId="33000b0e-fe14-4724-9622-cf9cae83421b">
  <extendedMetaData />
  <ExtendedPropertiesCollection>
    <extendee type="Sage.Platform.Orm.Entities.OrmEntity">
      <extender guid="1589723d-0536-4bf3-bdd7-3f6f7fe165d0">
        <OrmEntityMetadataExtension>
          <StringExpression>${EventName}</StringExpression>
          <IsHistoryTable>false</IsHistoryTable>
        </OrmEntityMetadataExtension>
      </extender>
      <extender guid="76aa0e24-2c8f-3b71-a1f9-ca6db3db4459">
        <OrmEntitySDataExtension generateFeed="true" pathName="notificationevents" lastUpdatedPropertyId="76e7bf88-0751-48ce-9b15-2a28ad0c0a01" canPost="true" canPut="true" canDelete="true" />
      </extender>
    </extendee>
  </ExtendedPropertiesCollection>
  <description>Notification Events</description>
  <keyProperties>
    <keyReference id="abb917d8-d6a0-46a3-90d3-70f946a15f0b" ordinalPosition="1" />
  </keyProperties>
  <properties>
    <property xsi:type="OrmFieldProperty" id="abb917d8-d6a0-46a3-90d3-70f946a15f0b" lastModifiedUtc="2013-11-06T20:09:31.1817979Z" name="NotificationEventId" audited="false" isNullable="false" include="false" columnName="NOTIFICATIONEVENTID" maxLength="12" precision="0" scale="0" ordinal="0" isReadOnly="false">
      <ExtendedPropertiesCollection>
        <extendee type="Sage.Platform.Orm.Entities.OrmFieldProperty">
          <extender guid="ae60621d-9d91-3d9a-b9fb-eb6c8be12131">
            <OrmEntityPropertySDataExtension generate="true" />
          </extender>
        </extendee>
      </ExtendedPropertiesCollection>
      <SystemDataType guid="30053f5a-8d40-4db1-b185-1e4128eb26cc">
        <StandardIdDataType />
      </SystemDataType>
    </property>
    <property xsi:type="OrmFieldProperty" id="620eba9f-93d5-40cd-9a4b-466e9b4c21d8" lastModifiedUtc="2013-11-06T20:09:31.183798Z" name="CreateUser" audited="false" columnName="CREATEUSER" maxLength="12" precision="0" scale="0" ordinal="1" isReadOnly="false">
      <ExtendedPropertiesCollection>
        <extendee type="Sage.Platform.Orm.Entities.OrmFieldProperty">
          <extender guid="ae60621d-9d91-3d9a-b9fb-eb6c8be12131">
            <OrmEntityPropertySDataExtension generate="true" />
          </extender>
        </extendee>
      </ExtendedPropertiesCollection>
      <SystemDataType guid="30053f5a-8d40-4db1-b185-1e4128eb26cc">
        <StandardIdDataType />
      </SystemDataType>
    </property>
    <property xsi:type="OrmFieldProperty" id="ed652573-b91d-4231-9d8b-7cbfe429ad27" lastModifiedUtc="2013-11-06T20:09:31.183798Z" name="CreateDate" audited="false" columnName="CREATEDATE" maxLength="0" precision="0" scale="0" ordinal="2" isReadOnly="false">
      <ExtendedPropertiesCollection>
        <extendee type="Sage.Platform.Orm.Entities.OrmFieldProperty">
          <extender guid="ae60621d-9d91-3d9a-b9fb-eb6c8be12131">
            <OrmEntityPropertySDataExtension generate="true" />
          </extender>
        </extendee>
      </ExtendedPropertiesCollection>
      <SystemDataType guid="1f08f2eb-87c8-443b-a7c2-a51f590923f5">
        <DateTimeDataType />
      </SystemDataType>
    </property>
    <property xsi:type="OrmFieldProperty" id="a51225f9-b5fe-43f0-b223-42dfa994e952" lastModifiedUtc="2013-11-06T20:09:31.184798Z" name="ModifyUser" audited="false" columnName="MODIFYUSER" maxLength="12" precision="0" scale="0" ordinal="3" isReadOnly="false">
      <ExtendedPropertiesCollection>
        <extendee type="Sage.Platform.Orm.Entities.OrmFieldProperty">
          <extender guid="ae60621d-9d91-3d9a-b9fb-eb6c8be12131">
            <OrmEntityPropertySDataExtension generate="true" />
          </extender>
        </extendee>
      </ExtendedPropertiesCollection>
      <SystemDataType guid="30053f5a-8d40-4db1-b185-1e4128eb26cc">
        <StandardIdDataType />
      </SystemDataType>
    </property>
    <property xsi:type="OrmFieldProperty" id="76e7bf88-0751-48ce-9b15-2a28ad0c0a01" lastModifiedUtc="2013-11-06T20:09:31.184798Z" name="ModifyDate" audited="false" columnName="MODIFYDATE" maxLength="0" precision="0" scale="0" ordinal="4" isReadOnly="false">
      <ExtendedPropertiesCollection>
        <extendee type="Sage.Platform.Orm.Entities.OrmFieldProperty">
          <extender guid="ae60621d-9d91-3d9a-b9fb-eb6c8be12131">
            <OrmEntityPropertySDataExtension generate="true" />
          </extender>
        </extendee>
      </ExtendedPropertiesCollection>
      <SystemDataType guid="1f08f2eb-87c8-443b-a7c2-a51f590923f5">
        <DateTimeDataType />
      </SystemDataType>
    </property>
    <property xsi:type="OrmFieldProperty" id="cf145626-d3ae-4f43-8fcf-e57bb75fec11" lastModifiedUtc="2013-11-11T20:55:19.3732659Z" name="EntityName" audited="false" columnName="ENTITYNAME" maxLength="64" precision="0" scale="0" ordinal="5" isReadOnly="false">
      <ExtendedPropertiesCollection>
        <extendee type="Sage.Platform.Orm.Entities.OrmFieldProperty">
          <extender guid="ae60621d-9d91-3d9a-b9fb-eb6c8be12131">
            <OrmEntityPropertySDataExtension generate="true" />
          </extender>
        </extendee>
      </ExtendedPropertiesCollection>
      <SystemDataType guid="b71918bf-fac1-4b62-9ed5-0b0294bc9900">
        <PickListDataType>
          <PickListName>Notification Event Entities</PickListName>
          <ValueStoredAsText>true</ValueStoredAsText>
          <Storage>Code</Storage>
          <AllowMultiples>false</AllowMultiples>
          <MustExistInList>true</MustExistInList>
          <NoneEditable>false</NoneEditable>
          <AlphaSort>false</AlphaSort>
          <Length>64</Length>
        </PickListDataType>
      </SystemDataType>
    </property>
    <property xsi:type="OrmFieldProperty" id="0b5626de-55ab-4f89-9f0e-9340d5687c28" lastModifiedUtc="2013-11-11T20:55:45.7907769Z" name="WhereClause" audited="false" include="false" columnName="WHERECLAUSE" maxLength="2048" precision="0" scale="0" ordinal="7" isReadOnly="false">
      <ExtendedPropertiesCollection>
        <extendee type="Sage.Platform.Orm.Entities.OrmFieldProperty">
          <extender guid="ae60621d-9d91-3d9a-b9fb-eb6c8be12131">
            <OrmEntityPropertySDataExtension generate="true" />
          </extender>
        </extendee>
      </ExtendedPropertiesCollection>
      <SystemDataType guid="ccc0f01d-7ba5-408e-8526-a3f942354b3a">
        <TextDataType>
          <Length>2048</Length>
        </TextDataType>
      </SystemDataType>
    </property>
    <property xsi:type="OrmFieldProperty" id="bb289da6-1bb2-4e96-8838-f9dd3cdb137f" lastModifiedUtc="2013-11-11T20:55:50.2350311Z" name="OrderByClause" audited="false" include="false" columnName="ORDERBYCLAUSE" maxLength="1024" precision="0" scale="0" ordinal="8" isReadOnly="false">
      <ExtendedPropertiesCollection>
        <extendee type="Sage.Platform.Orm.Entities.OrmFieldProperty">
          <extender guid="ae60621d-9d91-3d9a-b9fb-eb6c8be12131">
            <OrmEntityPropertySDataExtension generate="true" />
          </extender>
        </extendee>
      </ExtendedPropertiesCollection>
      <SystemDataType guid="ccc0f01d-7ba5-408e-8526-a3f942354b3a">
        <TextDataType>
          <Length>1024</Length>
        </TextDataType>
      </SystemDataType>
    </property>
    <property xsi:type="OrmFieldProperty" id="3617a814-b2c5-49cf-8c37-f0dc13240456" lastModifiedUtc="2013-11-06T20:09:31.1927985Z" name="DynamicNotification" audited="false" columnName="DYNAMICNOTIFICATION" maxLength="1" precision="0" scale="0" ordinal="9" isReadOnly="false">
      <ExtendedPropertiesCollection>
        <extendee type="Sage.Platform.Orm.Entities.OrmFieldProperty">
          <extender guid="ae60621d-9d91-3d9a-b9fb-eb6c8be12131">
            <OrmEntityPropertySDataExtension generate="true" />
          </extender>
        </extendee>
      </ExtendedPropertiesCollection>
      <SystemDataType guid="92432b4d-8206-4a96-ba7b-e4cbd374f148">
        <TrueFalseDataType />
      </SystemDataType>
    </property>
    <property xsi:type="OrmFieldProperty" id="4c33b74f-2426-441d-9cea-a7cdba2be931" lastModifiedUtc="2013-11-06T20:09:31.1927985Z" name="DynamicNotificationField" audited="false" columnName="DYNAMICNOTIFICATIONFIELD" maxLength="64" precision="0" scale="0" ordinal="10" isReadOnly="false">
      <ExtendedPropertiesCollection>
        <extendee type="Sage.Platform.Orm.Entities.OrmFieldProperty">
          <extender guid="ae60621d-9d91-3d9a-b9fb-eb6c8be12131">
            <OrmEntityPropertySDataExtension generate="true" />
          </extender>
        </extendee>
      </ExtendedPropertiesCollection>
      <SystemDataType guid="ccc0f01d-7ba5-408e-8526-a3f942354b3a">
        <TextDataType>
          <Length>64</Length>
        </TextDataType>
      </SystemDataType>
    </property>
    <property xsi:type="OrmFieldProperty" id="ac3b7fba-dfed-42a0-be6e-54b36fcd37b6" lastModifiedUtc="2013-11-06T20:09:31.1937986Z" name="LastChecked" audited="false" columnName="LASTCHECKED" maxLength="0" precision="0" scale="0" ordinal="11" isReadOnly="false">
      <ExtendedPropertiesCollection>
        <extendee type="Sage.Platform.Orm.Entities.OrmFieldProperty">
          <extender guid="ae60621d-9d91-3d9a-b9fb-eb6c8be12131">
            <OrmEntityPropertySDataExtension generate="true" />
          </extender>
        </extendee>
      </ExtendedPropertiesCollection>
      <SystemDataType guid="1f08f2eb-87c8-443b-a7c2-a51f590923f5">
        <DateTimeDataType />
      </SystemDataType>
    </property>
    <property xsi:type="OrmFieldProperty" id="5d9c6958-5f70-406e-890f-80d181b185aa" lastModifiedUtc="2013-11-06T20:09:31.1947986Z" name="NextTimeToCheck" audited="false" columnName="NEXTTIMETOCHECK" maxLength="0" precision="0" scale="0" ordinal="12" isReadOnly="false">
      <ExtendedPropertiesCollection>
        <extendee type="Sage.Platform.Orm.Entities.OrmFieldProperty">
          <extender guid="ae60621d-9d91-3d9a-b9fb-eb6c8be12131">
            <OrmEntityPropertySDataExtension generate="true" />
          </extender>
        </extendee>
      </ExtendedPropertiesCollection>
      <SystemDataType guid="1f08f2eb-87c8-443b-a7c2-a51f590923f5">
        <DateTimeDataType />
      </SystemDataType>
    </property>
    <property xsi:type="OrmFieldProperty" id="f9fc58fb-88db-4f55-a434-a258f86f0681" lastModifiedUtc="2013-11-06T20:09:31.1947986Z" name="TimeOfDayToCheck" audited="false" columnName="TIMEOFDAYTOCHECK" maxLength="0" precision="0" scale="0" ordinal="13" isReadOnly="false">
      <ExtendedPropertiesCollection>
        <extendee type="Sage.Platform.Orm.Entities.OrmFieldProperty">
          <extender guid="ae60621d-9d91-3d9a-b9fb-eb6c8be12131">
            <OrmEntityPropertySDataExtension generate="true" />
          </extender>
        </extendee>
      </ExtendedPropertiesCollection>
      <SystemDataType guid="1f08f2eb-87c8-443b-a7c2-a51f590923f5">
        <DateTimeDataType />
      </SystemDataType>
    </property>
    <property xsi:type="OrmFieldProperty" id="580e44ab-a43b-4e26-9f24-bf62c12afeea" lastModifiedUtc="2013-11-06T20:09:31.1957987Z" name="DaysOfWeek" audited="false" columnName="DAYSOFWEEK" maxLength="32" precision="0" scale="0" ordinal="14" isReadOnly="false">
      <ExtendedPropertiesCollection>
        <extendee type="Sage.Platform.Orm.Entities.OrmFieldProperty">
          <extender guid="ae60621d-9d91-3d9a-b9fb-eb6c8be12131">
            <OrmEntityPropertySDataExtension generate="true" />
          </extender>
        </extendee>
      </ExtendedPropertiesCollection>
      <SystemDataType guid="ccc0f01d-7ba5-408e-8526-a3f942354b3a">
        <TextDataType>
          <Length>32</Length>
        </TextDataType>
      </SystemDataType>
    </property>
    <property xsi:type="OrmFieldProperty" id="c407bfd7-96b4-442b-8650-2ceb8997300d" lastModifiedUtc="2013-11-06T20:09:31.1957987Z" name="CheckInterval" audited="false" columnName="CHECKINTERVAL" maxLength="0" precision="10" scale="0" ordinal="15" isReadOnly="false">
      <ExtendedPropertiesCollection>
        <extendee type="Sage.Platform.Orm.Entities.OrmFieldProperty">
          <extender guid="ae60621d-9d91-3d9a-b9fb-eb6c8be12131">
            <OrmEntityPropertySDataExtension generate="true" />
          </extender>
        </extendee>
      </ExtendedPropertiesCollection>
      <SystemDataType guid="47f90249-e4c8-4564-9ae6-e1fa9904f8b8">
        <IntegerDataType />
      </SystemDataType>
    </property>
    <property xsi:type="OrmFieldProperty" id="aff50e5f-a4bd-4dee-9626-4d91f54a300d" lastModifiedUtc="2013-11-06T20:09:31.1967987Z" name="EventName" audited="false" columnName="EVENTNAME" maxLength="128" precision="0" scale="0" ordinal="16" isReadOnly="false">
      <ExtendedPropertiesCollection>
        <extendee type="Sage.Platform.Orm.Entities.OrmFieldProperty">
          <extender guid="ae60621d-9d91-3d9a-b9fb-eb6c8be12131">
            <OrmEntityPropertySDataExtension generate="true" />
          </extender>
        </extendee>
      </ExtendedPropertiesCollection>
      <SystemDataType guid="ccc0f01d-7ba5-408e-8526-a3f942354b3a">
        <TextDataType>
          <Length>128</Length>
        </TextDataType>
      </SystemDataType>
    </property>
    <property xsi:type="OrmFieldProperty" id="91e068e9-407a-440d-b4d7-0cd6c3dd1cdb" lastModifiedUtc="2013-11-06T20:09:31.1967987Z" name="Enabled" audited="false" columnName="ISENABLED" maxLength="1" precision="0" scale="0" ordinal="17" isReadOnly="false">
      <ExtendedPropertiesCollection>
        <extendee type="Sage.Platform.Orm.Entities.OrmFieldProperty">
          <extender guid="ae60621d-9d91-3d9a-b9fb-eb6c8be12131">
            <OrmEntityPropertySDataExtension generate="true" />
          </extender>
        </extendee>
      </ExtendedPropertiesCollection>
      <SystemDataType guid="92432b4d-8206-4a96-ba7b-e4cbd374f148">
        <TrueFalseDataType />
      </SystemDataType>
    </property>
    <property xsi:type="OrmFieldProperty" id="7a18f459-e66a-46a6-bb3b-aa61305410e0" lastModifiedUtc="2013-11-06T20:09:31.1977988Z" name="EmailTemplate" audited="false" columnName="EMAILTEMPLATE" maxLength="2147483647" precision="0" scale="0" ordinal="18" isReadOnly="false">
      <ExtendedPropertiesCollection>
        <extendee type="Sage.Platform.Orm.Entities.OrmFieldProperty">
          <extender guid="ae60621d-9d91-3d9a-b9fb-eb6c8be12131">
            <OrmEntityPropertySDataExtension generate="true" />
          </extender>
        </extendee>
      </ExtendedPropertiesCollection>
      <SystemDataType guid="f4ca6023-9f5f-4e41-8571-50ba94e8f233">
        <LongTextDataType>
          <Length>2147483647</Length>
        </LongTextDataType>
      </SystemDataType>
    </property>
    <property xsi:type="OrmFieldProperty" id="b4cca60e-050a-41fb-8219-50d2c536d6ed" lastModifiedUtc="2013-11-06T20:09:31.1987988Z" name="EmailSubjectTemplate" audited="false" columnName="EMAILSUBJECTTEMPLATE" maxLength="255" precision="0" scale="0" ordinal="19" isReadOnly="false">
      <ExtendedPropertiesCollection>
        <extendee type="Sage.Platform.Orm.Entities.OrmFieldProperty">
          <extender guid="ae60621d-9d91-3d9a-b9fb-eb6c8be12131">
            <OrmEntityPropertySDataExtension generate="true" />
          </extender>
        </extendee>
      </ExtendedPropertiesCollection>
      <SystemDataType guid="ccc0f01d-7ba5-408e-8526-a3f942354b3a">
        <TextDataType>
          <Length>255</Length>
        </TextDataType>
      </SystemDataType>
    </property>
    <property xsi:type="OrmFieldProperty" id="00b09a31-74d1-410c-883a-c12855b1a70f" lastModifiedUtc="2013-11-06T20:11:26.8214121Z" name="DeliverySystemId" audited="false" include="false" columnName="DELIVERYSYSTEMID" maxLength="12" precision="0" scale="0" ordinal="19" isReadOnly="false">
      <ExtendedPropertiesCollection>
        <extendee type="Sage.Platform.Orm.Entities.OrmFieldProperty">
          <extender guid="ae60621d-9d91-3d9a-b9fb-eb6c8be12131">
            <OrmEntityPropertySDataExtension generate="true" />
          </extender>
        </extendee>
      </ExtendedPropertiesCollection>
      <SystemDataType guid="30053f5a-8d40-4db1-b185-1e4128eb26cc">
        <StandardIdDataType />
      </SystemDataType>
    </property>
    <property xsi:type="OrmFieldProperty" id="9bf680fc-4145-42d4-a058-ab6957bc49f2" lastModifiedUtc="2013-11-06T20:10:36.1855159Z" name="Query" audited="false" columnName="QUERY" maxLength="2147483647" precision="0" scale="0" ordinal="20" isReadOnly="false">
      <ExtendedPropertiesCollection>
        <extendee type="Sage.Platform.Orm.Entities.OrmFieldProperty">
          <extender guid="ae60621d-9d91-3d9a-b9fb-eb6c8be12131">
            <OrmEntityPropertySDataExtension generate="true" />
          </extender>
        </extendee>
      </ExtendedPropertiesCollection>
      <SystemDataType guid="f4ca6023-9f5f-4e41-8571-50ba94e8f233">
        <LongTextDataType>
          <Length>2147483647</Length>
        </LongTextDataType>
      </SystemDataType>
    </property>
    <property xsi:type="OrmFieldProperty" id="c5d011b6-7443-40ca-a82b-e3675a176d83" lastModifiedUtc="2013-11-06T20:16:56.7902852Z" name="Digest" audited="false" columnName="ISDIGEST" maxLength="1" precision="0" scale="0" ordinal="21" isReadOnly="false">
      <ExtendedPropertiesCollection>
        <extendee type="Sage.Platform.Orm.Entities.OrmFieldProperty">
          <extender guid="ae60621d-9d91-3d9a-b9fb-eb6c8be12131">
            <OrmEntityPropertySDataExtension generate="true" />
          </extender>
        </extendee>
      </ExtendedPropertiesCollection>
      <SystemDataType guid="92432b4d-8206-4a96-ba7b-e4cbd374f148">
        <TrueFalseDataType />
      </SystemDataType>
    </property>
    <property xsi:type="OrmFieldProperty" id="0bd4845a-ea7a-4979-a0c9-970474c9ab16" lastModifiedUtc="2013-11-11T19:15:28.7276205Z" name="CheckIntervalType" audited="false" columnName="CHECKINTERVALTYPE" maxLength="64" precision="0" scale="0" ordinal="22" isReadOnly="false">
      <ExtendedPropertiesCollection>
        <extendee type="Sage.Platform.Orm.Entities.OrmFieldProperty">
          <extender guid="ae60621d-9d91-3d9a-b9fb-eb6c8be12131">
            <OrmEntityPropertySDataExtension generate="true" />
          </extender>
        </extendee>
      </ExtendedPropertiesCollection>
      <SystemDataType guid="b71918bf-fac1-4b62-9ed5-0b0294bc9900">
        <PickListDataType>
          <PickListName>Notification Event Check Interval Types</PickListName>
          <ValueStoredAsText>true</ValueStoredAsText>
          <AllowMultiples>false</AllowMultiples>
          <MustExistInList>true</MustExistInList>
          <NoneEditable>false</NoneEditable>
          <AlphaSort>false</AlphaSort>
          <Length>64</Length>
        </PickListDataType>
      </SystemDataType>
    </property>
  </properties>
</entity>