<?xml version="1.0"?>
<method xmlns:xsi="http://www.w3.org/2001/XMLSchema-instance" xmlns:xsd="http://www.w3.org/2001/XMLSchema" id="33000b0e-fe14-4724-9622-cf9cae83421b" lastModifiedUtc="2013-11-27T15:35:41.3829413Z" name="OnCreate" methodType="CrudEvent" actionType="None" returnMode="None">
  <extendedMetaData />
  <ExtendedPropertiesCollection>
    <extendee type="Sage.Platform.Orm.Entities.OrmEntityMethod" />
  </ExtendedPropertiesCollection>
  <parameter />
  <preExecuteTargets>
    <methodTarget xsi:type="OrmMethodTargetSnippet" id="d9042fd0-bb84-4707-a032-9594a63e1087" lastModifiedUtc="2013-12-02T15:45:28.9867233Z" targetType="Sage.BusinessRules.CodeSnippets.NotificationEventBusinessRules, Sage.SnippetLibrary.CSharp" targetMethod="OnCreateStep" active="true" codeSnippetId="17a243ce-b84a-4b12-a7b6-a0a2a719719e">
      <ExtendedPropertiesCollection>
        <extendee type="Sage.Platform.Orm.Entities.OrmMethodTargetSnippet" />
      </ExtendedPropertiesCollection>
    </methodTarget>
  </preExecuteTargets>
  <methodTargets>
    <methodTarget id="1b4e2df4-8f42-4ea8-a0bf-18cd5faeceb7" lastModifiedUtc="2010-09-24T15:36:41.518485Z" targetType="Sage.Platform.Orm.DefaultCRUDEventHandler, Sage.Platform" targetMethod="OnCreate" active="true">
      <ExtendedPropertiesCollection>
        <extendee type="Sage.Platform.Orm.Entities.OrmMethodTarget" />
      </ExtendedPropertiesCollection>
    </methodTarget>
  </methodTargets>
  <postExecuteTargets />
  <postFlushTargets />
</method>