<?xml version="1.0"?>
<NonEntityQuickForm xmlns:xsi="http://www.w3.org/2001/XMLSchema-instance" xmlns:xsd="http://www.w3.org/2001/XMLSchema" id="fe265d7b-7705-4bc9-b2f0-27be0ba80fd8" DefinitionType="Sage.Platform.QuickForms.NonEntityQuickFormMainDetailViewDefinition, Sage.Platform.QuickForms">
  <ActiveControl />
  <ImagePath />
  <LoadActions>
    <FormActionDefinition>
      <ResourceKey>2ad100f1-de38-4e6b-8a04-222c2dfabc39</ResourceKey>
      <Action typeName="Sage.Platform.QuickForms.ActionItems.CSharpSnippetActionItem, Sage.Platform.QuickForms">
        <CSharpSnippetActionItem>
          <MethodName>quickformload0</MethodName>
          <CSharpCodeSnippet>	System.Collections.Generic.IList&lt;Sage.Entity.Interfaces.ICustomSetting&gt; fiscalSettings = fiscalAPI.Platform.GetFiscalSettings();
	this.txtFiscalYearStart.Text = "1";
	this.txtPeriod.Text = "1";

    foreach (Sage.Entity.Interfaces.ICustomSetting setting in fiscalSettings)
    {
        switch (setting.Description)
        {
            case "FiscalYearStart":
				if (!String.IsNullOrEmpty(setting.DataValue))
				{
                	this.txtFiscalYearStart.Text = setting.DataValue;
				}
                break;
            case "QutoaAndForecastBy":
				if (!String.IsNullOrEmpty(setting.DataValue))
				{
                	this.txtPeriod.Text = setting.DataValue;
				}
                break;
        }
    }
    this.cbxQFPeriod.SelectedValue = this.txtPeriod.Text;

    // Set fields Read/Write or Read/Only
    if (RoleSecurityService.HasAccess("Administration/View"))
    {
        this.cbxFiscalYearStart.Enabled = false;
        this.cbxQFPeriod.Enabled = false;
    }
    else
    {
		this.cbxFiscalYearStart.Enabled = true;
        this.cbxQFPeriod.Enabled = true;
    }
	
	cbxQFPeriod_ChangeAction(sender, e);</CSharpCodeSnippet>
        </CSharpSnippetActionItem>
      </Action>
      <IsDialogCloseAction>False</IsDialogCloseAction>
      <RunOnEveryRePaint>True</RunOnEveryRePaint>
      <DialogActionResult>NoResult</DialogActionResult>
      <PerformsUpdate>False</PerformsUpdate>
      <AppliedSecurity />
      <RefreshData>False</RefreshData>
    </FormActionDefinition>
  </LoadActions>
  <Name>FinancialSettings</Name>
  <ClientScriptIncludes />
  <ClientResourceKeys />
  <ExtendedProperties />
  <HelpFile />
  <ReadOnly>false</ReadOnly>
  <GeneratePrintView>false</GeneratePrintView>
  <Controls>
    <Control typeName="Sage.Platform.QuickForms.QFControls.QFListBox, Sage.Platform.QuickForms.QFControls">
      <QFListBox>
        <Column>0</Column>
        <Row>0</Row>
        <HotKey>0</HotKey>
        <TabIndex>0</TabIndex>
        <ControlId>cbxQFPeriod</ControlId>
        <DataBindings />
        <ControlLabelPlacement>left</ControlLabelPlacement>
        <ExtendedProperties />
        <CaptionAlignment>left</CaptionAlignment>
        <StyleScheme />
        <SelectedIndex>-1</SelectedIndex>
        <Items>
          <Item>
            <Key>cbxQFPeriod_item0.Value</Key>
            <Value>1</Value>
          </Item>
          <Item>
            <Key>cbxQFPeriod_item1.Value</Key>
            <Value>3</Value>
          </Item>
          <Item>
            <Key>cbxQFPeriod_item2.Value</Key>
            <Value>6</Value>
          </Item>
          <Item>
            <Key>cbxQFPeriod_item3.Value</Key>
            <Value>12</Value>
          </Item>
        </Items>
        <OnChangeAction>
          <ResourceKey>cbxQFPeriod</ResourceKey>
          <Action typeName="Sage.Platform.QuickForms.ActionItems.CSharpSnippetActionItem, Sage.Platform.QuickForms">
            <CSharpSnippetActionItem>
              <MethodName>cbxQFPeriod_ChangeAction</MethodName>
              <CSharpCodeSnippet>	int period = 1;
	if (!String.IsNullOrEmpty(this.cbxQFPeriod.SelectedValue))
	{
		period = Convert.ToInt16(this.cbxQFPeriod.SelectedValue);
	}
	this.txtPeriod.Text = period.ToString();

	this.cbxFiscalYearStart.Items.Clear();

	for (int i = 1; i &lt;= 12; i = i + period)
	{
    	ListItem item = new ListItem(slxCustom.Date.MonthName(i), i.ToString());
	    this.cbxFiscalYearStart.Items.Add(item);
	}

	try
	{
		this.cbxFiscalYearStart.SelectedValue = this.txtFiscalYearStart.Text;
	}
	catch {}	</CSharpCodeSnippet>
            </CSharpSnippetActionItem>
          </Action>
          <IsDialogCloseAction>False</IsDialogCloseAction>
          <RunOnEveryRePaint>False</RunOnEveryRePaint>
          <DialogActionResult>NoResult</DialogActionResult>
          <PerformsUpdate>False</PerformsUpdate>
          <AppliedSecurity />
          <RefreshData>False</RefreshData>
        </OnChangeAction>
        <DataSource />
        <TextField />
        <ValueField />
        <MultiSelect>false</MultiSelect>
      </QFListBox>
    </Control>
    <Control typeName="Sage.Platform.QuickForms.QFControls.QFListBox, Sage.Platform.QuickForms.QFControls">
      <QFListBox>
        <Column>0</Column>
        <Row>1</Row>
        <HotKey>0</HotKey>
        <TabIndex>0</TabIndex>
        <ControlId>cbxFiscalYearStart</ControlId>
        <DataBindings />
        <ControlLabelPlacement>left</ControlLabelPlacement>
        <ExtendedProperties />
        <CaptionAlignment>left</CaptionAlignment>
        <StyleScheme />
        <SelectedIndex>-1</SelectedIndex>
        <Items />
        <OnChangeAction>
          <ResourceKey>cbxFiscalYearStart</ResourceKey>
          <Action typeName="Sage.Platform.QuickForms.ActionItems.CSharpSnippetActionItem, Sage.Platform.QuickForms">
            <CSharpSnippetActionItem>
              <MethodName>cbxFiscalYearStart_ChangeAction</MethodName>
              <CSharpCodeSnippet>	this.txtFiscalYearStart.Text = this.cbxFiscalYearStart.SelectedValue;
	</CSharpCodeSnippet>
            </CSharpSnippetActionItem>
          </Action>
          <IsDialogCloseAction>False</IsDialogCloseAction>
          <RunOnEveryRePaint>False</RunOnEveryRePaint>
          <DialogActionResult>NoResult</DialogActionResult>
          <PerformsUpdate>False</PerformsUpdate>
          <AppliedSecurity />
          <RefreshData>False</RefreshData>
        </OnChangeAction>
        <DataSource />
        <TextField />
        <ValueField />
        <MultiSelect>false</MultiSelect>
      </QFListBox>
    </Control>
    <Control typeName="Sage.Platform.QuickForms.Controls.QFTextBox, Sage.Platform.QuickForms">
      <QFTextBox>
        <Column>1</Column>
        <Row>0</Row>
        <Visible>false</Visible>
        <HotKey>0</HotKey>
        <TabIndex>0</TabIndex>
        <ControlId>txtPeriod</ControlId>
        <DataBindings />
        <ControlLabelPlacement>none</ControlLabelPlacement>
        <ExtendedProperties />
        <CaptionAlignment>left</CaptionAlignment>
        <StyleScheme />
        <OnChangeAction>
          <ResourceKey>txtPeriod</ResourceKey>
          <Action typeName="Sage.Platform.QuickForms.ActionItems.NoActionActionItem, Sage.Platform.QuickForms">
            <NoActionActionItem>
              <MethodName />
            </NoActionActionItem>
          </Action>
          <IsDialogCloseAction>False</IsDialogCloseAction>
          <RunOnEveryRePaint>False</RunOnEveryRePaint>
          <DialogActionResult>NoResult</DialogActionResult>
          <PerformsUpdate>False</PerformsUpdate>
          <AppliedSecurity />
          <RefreshData>False</RefreshData>
        </OnChangeAction>
        <Required>false</Required>
      </QFTextBox>
    </Control>
    <Control typeName="Sage.Platform.QuickForms.Controls.QFTextBox, Sage.Platform.QuickForms">
      <QFTextBox>
        <Column>1</Column>
        <Row>1</Row>
        <Visible>false</Visible>
        <HotKey>0</HotKey>
        <TabIndex>0</TabIndex>
        <ControlId>txtFiscalYearStart</ControlId>
        <DataBindings />
        <ControlLabelPlacement>none</ControlLabelPlacement>
        <ExtendedProperties />
        <CaptionAlignment>left</CaptionAlignment>
        <StyleScheme />
        <OnChangeAction>
          <ResourceKey>txtFiscalYearStart</ResourceKey>
          <Action typeName="Sage.Platform.QuickForms.ActionItems.NoActionActionItem, Sage.Platform.QuickForms">
            <NoActionActionItem>
              <MethodName />
            </NoActionActionItem>
          </Action>
          <IsDialogCloseAction>False</IsDialogCloseAction>
          <RunOnEveryRePaint>False</RunOnEveryRePaint>
          <DialogActionResult>NoResult</DialogActionResult>
          <PerformsUpdate>False</PerformsUpdate>
          <AppliedSecurity />
          <RefreshData>False</RefreshData>
        </OnChangeAction>
        <Required>false</Required>
      </QFTextBox>
    </Control>
  </Controls>
  <ToolControls>
    <Control typeName="Sage.Platform.QuickForms.Controls.QFElementSpacer, Sage.Platform.QuickForms">
      <QFElementSpacer>
        <Column>0</Column>
        <Row>0</Row>
        <HotKey>0</HotKey>
        <TabIndex>0</TabIndex>
        <ControlId>cdcfc7fb6e6643e4aa2badbe793d4673</ControlId>
        <DataBindings />
        <ControlLabelPlacement>left</ControlLabelPlacement>
        <ExtendedProperties />
        <CaptionAlignment>left</CaptionAlignment>
        <StyleScheme />
      </QFElementSpacer>
    </Control>
    <Control typeName="Sage.Platform.QuickForms.Controls.QFElementSpacer, Sage.Platform.QuickForms">
      <QFElementSpacer>
        <Column>0</Column>
        <Row>0</Row>
        <HotKey>0</HotKey>
        <TabIndex>0</TabIndex>
        <ControlId>fe2ba51134914c9090903ea32d6c10f5</ControlId>
        <DataBindings />
        <ControlLabelPlacement>left</ControlLabelPlacement>
        <ExtendedProperties />
        <CaptionAlignment>left</CaptionAlignment>
        <StyleScheme />
      </QFElementSpacer>
    </Control>
    <Control typeName="Sage.Platform.QuickForms.Controls.QFButton, Sage.Platform.QuickForms">
      <QFButton>
        <Column>0</Column>
        <Row>0</Row>
        <HotKey>0</HotKey>
        <TabIndex>0</TabIndex>
        <ControlId>cmdSave</ControlId>
        <DataBindings />
        <ControlLabelPlacement>none</ControlLabelPlacement>
        <ExtendedProperties />
        <CaptionAlignment>left</CaptionAlignment>
        <StyleScheme />
        <ButtonType>Icon</ButtonType>
        <Image>[Localization!Global_Images:Save_16x16]</Image>
        <OnClientClick />
        <OnClickAction>
          <ResourceKey>cmdSave</ResourceKey>
          <Action typeName="Sage.Platform.QuickForms.ActionItems.CSharpSnippetActionItem, Sage.Platform.QuickForms">
            <CSharpSnippetActionItem>
              <MethodName>cmdSave_ClickAction</MethodName>
              <CSharpCodeSnippet>	System.Collections.Generic.IList&lt;Sage.Entity.Interfaces.ICustomSetting&gt; fiscalSettings = fiscalAPI.Platform.GetFiscalSettings();
	
    foreach (Sage.Entity.Interfaces.ICustomSetting setting in fiscalSettings)
    {
        switch (setting.Description)
        {
            case "FiscalYearStart":
				if (!String.IsNullOrEmpty(this.txtFiscalYearStart.Text))
				{
                	setting.DataValue = this.txtFiscalYearStart.Text;
					setting.Save();
				}
                break;
            case "QutoaAndForecastBy":
				if (!String.IsNullOrEmpty(this.txtPeriod.Text))
				{
	                setting.DataValue = this.txtPeriod.Text;
					setting.Save();
				}
                break;
        }
    }</CSharpCodeSnippet>
            </CSharpSnippetActionItem>
          </Action>
          <IsDialogCloseAction>False</IsDialogCloseAction>
          <RunOnEveryRePaint>False</RunOnEveryRePaint>
          <DialogActionResult>NoResult</DialogActionResult>
          <PerformsUpdate>False</PerformsUpdate>
          <AppliedSecurity />
          <RefreshData>False</RefreshData>
        </OnClickAction>
      </QFButton>
    </Control>
  </ToolControls>
  <Columns>
    <ColumnStyle>
      <SizeType>Percent</SizeType>
      <Width>50</Width>
    </ColumnStyle>
    <ColumnStyle>
      <SizeType>Percent</SizeType>
      <Width>50</Width>
    </ColumnStyle>
  </Columns>
  <Rows>
    <RowStyle>
      <SizeType>Absolute</SizeType>
      <Height>35</Height>
    </RowStyle>
    <RowStyle>
      <SizeType>Absolute</SizeType>
      <Height>35</Height>
    </RowStyle>
    <RowStyle>
      <SizeType>Absolute</SizeType>
      <Height>35</Height>
    </RowStyle>
  </Rows>
  <Description />
</NonEntityQuickForm>