<?xml version="1.0"?>
<SchedulerTrigger xmlns:xsi="http://www.w3.org/2001/XMLSchema-instance" xmlns:xsd="http://www.w3.org/2001/XMLSchema" id="dcca61ca-c8df-4d68-996c-2c129abc3513">
  <InstanceId>3ffc891e532c44b496644130a0d5ecc4</InstanceId>
  <JobId>190e0787d6054f7aa46171ba18d18913</JobId>
  <Name>Weekly Forecast Summary</Name>
  <StartTimeUtc xsi:nil="true" />
  <EndTimeUtc xsi:nil="true" />
  <RepeatCount xsi:nil="true" />
  <CronExpression>0 5 12 ? * SAT *</CronExpression>
  <Priority xsi:nil="true" />
  <Parameters>
    <Property Name="BulletinName" TypeConverter="">Weekly Forecast Summary</Property>
  </Parameters>
</SchedulerTrigger>