<?xml version="1.0"?>
<relationship xmlns:xsi="http://www.w3.org/2001/XMLSchema-instance" xmlns:xsd="http://www.w3.org/2001/XMLSchema" id="2e7abd4f-7749-486b-8116-9e486e46bd64" lastModifiedUtc="2013-11-03T17:46:49.818971Z" cardinality="M:1" parentEntityId="102989c6-2a95-40b6-9f1c-4bcab3dfeafa" childEntityId="548a40fe-5105-45fe-9b41-e907948cbf32">
  <extendedMetaData />
  <ExtendedPropertiesCollection>
    <extendee type="Sage.Platform.Orm.Entities.OrmRelationship" />
  </ExtendedPropertiesCollection>
  <parentProperty id="ed503a84-7701-4efa-8567-688c7e942177" lastModifiedUtc="2013-11-03T17:45:57.4289745Z" name="DeliverySystem" audited="false">
    <ExtendedPropertiesCollection>
      <extendee type="Sage.Platform.Orm.Entities.OrmRelationProperty">
        <extender guid="ae60621d-9d91-3d9a-b9fb-eb6c8be12131">
          <OrmEntityPropertySDataExtension generate="true" />
        </extender>
      </extendee>
    </ExtendedPropertiesCollection>
    <SystemDataType guid="2f770d03-c93c-4605-8ae8-7cdae04830d7">
      <RelationshipDataType />
    </SystemDataType>
  </parentProperty>
  <childProperty id="ea77452d-4f9a-499f-a5c5-0a100d99f36b" lastModifiedUtc="2013-11-03T17:45:57.4309746Z" name="Bulletin" audited="false" include="false">
    <ExtendedPropertiesCollection>
      <extendee type="Sage.Platform.Orm.Entities.OrmRelationProperty">
        <extender guid="ae60621d-9d91-3d9a-b9fb-eb6c8be12131">
          <OrmEntityPropertySDataExtension generate="true" />
        </extender>
      </extendee>
    </ExtendedPropertiesCollection>
    <SystemDataType guid="2f770d03-c93c-4605-8ae8-7cdae04830d7">
      <RelationshipDataType />
    </SystemDataType>
  </childProperty>
  <column>
    <OrmRelationshipColumn id="ad0d9ed6-8049-4f2f-a2b8-3cc5057c7e06" parentPropertyId="785715b1-41fc-40f3-97ea-aabc01f603d7" childPropertyId="1a3cbb3e-a6ff-49a1-8dee-9b88cc515f2a" ordinal="0" />
  </column>
</relationship>