<?xml version="1.0"?>
<SchedulerTrigger xmlns:xsi="http://www.w3.org/2001/XMLSchema-instance" xmlns:xsd="http://www.w3.org/2001/XMLSchema" id="3e3d131a-2efa-486d-ab13-ffecf6b46294">
  <InstanceId>d79d76c88cb44c0b88f38de9dd5b735d</InstanceId>
  <JobId>ed1cfd36644746b287f6506c4d12aa47</JobId>
  <Name>Poll Delivery Items Every x Minutes</Name>
  <StartTimeUtc xsi:nil="true" />
  <EndTimeUtc xsi:nil="true" />
  <RepeatCount xsi:nil="true" />
  <CronExpression>0 0/5 * 1/1 * ? *</CronExpression>
  <Priority xsi:nil="true" />
  <Parameters />
</SchedulerTrigger>