<?xml version="1.0"?>
<SmartPartMapping xmlns:xsi="http://www.w3.org/2001/XMLSchema-instance" xmlns:xsd="http://www.w3.org/2001/XMLSchema" id="acdfa226-adbf-45ee-8087-c339aed97bf3">
  <SmartPartId>LiveGroupViewer</SmartPartId>
  <ReferencedModelId>00000000-0000-0000-0000-000000000000</ReferencedModelId>
  <SmartPart>SmartParts\GroupBuilder\LiveGroupViewer.ascx</SmartPart>
  <TargetWorkspace>MainContent</TargetWorkspace>
  <ShowInMode>List</ShowInMode>
  <Properties />
  <AllowRoles />
</SmartPartMapping>