<?xml version="1.0"?>
<NavigationItem xmlns:xsi="http://www.w3.org/2001/XMLSchema-instance" xmlns:xsd="http://www.w3.org/2001/XMLSchema" id="7a918bec-62be-4d07-bc24-d2e4053fc5ed">
  <ItemId>navEntitiesNotificationEvents</ItemId>
  <NavUrl>NotificationEvent.aspx</NavUrl>
  <LargeImageUrl>[Localization!Global_Images:NotificationEvent_32x32]</LargeImageUrl>
  <SmallImageUrl>[Localization!Global_Images:NotificationEvent_24x24]</SmallImageUrl>
  <ContextMenuId>contextNotificationEvent</ContextMenuId>
  <Target />
  <AppliedSecurity>Entities/NotificationEvent/View</AppliedSecurity>
</NavigationItem>