<?xml version="1.0"?>
<QuickForm xmlns:xsi="http://www.w3.org/2001/XMLSchema-instance" xmlns:xsd="http://www.w3.org/2001/XMLSchema" id="18aad595-f2f7-44dc-9ffb-3a52b4a9b071" DefinitionType="Sage.Platform.QuickForms.QuickFormMainDetailViewDefinition, Sage.Platform.QuickForms">
  <ActiveControl />
  <ImagePath />
  <LoadActions />
  <Name>NotificationEventDates</Name>
  <ClientScriptIncludes />
  <ClientResourceKeys />
  <ExtendedProperties />
  <HelpFile />
  <ReadOnly>false</ReadOnly>
  <GeneratePrintView>false</GeneratePrintView>
  <Controls>
    <Control typeName="Sage.SalesLogix.QuickForms.QFControls.QFDateTimePicker, Sage.SalesLogix.QuickForms.QFControls">
      <QFDateTimePicker>
        <Column>0</Column>
        <Row>0</Row>
        <HotKey>0</HotKey>
        <TabIndex>0</TabIndex>
        <ControlId>LastChecked</ControlId>
        <DataBindings>
          <QuickFormPropertyDataBindingDefinition>
            <DataSourceID>MainEntity</DataSourceID>
            <DataItemName>LastChecked</DataItemName>
            <ControlItemName>DateTimeValue</ControlItemName>
            <FormatString />
            <NullValueString />
          </QuickFormPropertyDataBindingDefinition>
        </DataBindings>
        <ControlLabelPlacement>left</ControlLabelPlacement>
        <ExtendedProperties />
        <CaptionAlignment>left</CaptionAlignment>
        <StyleScheme />
        <OnChangeAction>
          <ResourceKey>LastChecked</ResourceKey>
          <Action typeName="Sage.Platform.QuickForms.ActionItems.NoActionActionItem, Sage.Platform.QuickForms">
            <NoActionActionItem>
              <MethodName />
            </NoActionActionItem>
          </Action>
          <IsDialogCloseAction>False</IsDialogCloseAction>
          <RunOnEveryRePaint>False</RunOnEveryRePaint>
          <DialogActionResult>NoResult</DialogActionResult>
          <PerformsUpdate>False</PerformsUpdate>
          <AppliedSecurity />
          <RefreshData>False</RefreshData>
        </OnChangeAction>
        <Required>false</Required>
        <DateTimeValue xsi:nil="true" />
        <SelectedDateTime>0001-01-01T00:00:00</SelectedDateTime>
        <DateOnly>false</DateOnly>
        <DisplayTime>true</DisplayTime>
        <BoundFieldType>DateTime</BoundFieldType>
        <AutoPostBack>false</AutoPostBack>
        <Timeless>false</Timeless>
      </QFDateTimePicker>
    </Control>
    <Control typeName="Sage.SalesLogix.QuickForms.QFControls.QFDateTimePicker, Sage.SalesLogix.QuickForms.QFControls">
      <QFDateTimePicker>
        <Column>1</Column>
        <Row>0</Row>
        <HotKey>0</HotKey>
        <TabIndex>0</TabIndex>
        <ControlId>NextTimeToCheck</ControlId>
        <DataBindings>
          <QuickFormPropertyDataBindingDefinition>
            <DataSourceID>MainEntity</DataSourceID>
            <DataItemName>NextTimeToCheck</DataItemName>
            <ControlItemName>DateTimeValue</ControlItemName>
            <FormatString />
            <NullValueString />
          </QuickFormPropertyDataBindingDefinition>
        </DataBindings>
        <ControlLabelPlacement>left</ControlLabelPlacement>
        <ExtendedProperties />
        <CaptionAlignment>left</CaptionAlignment>
        <StyleScheme />
        <OnChangeAction>
          <ResourceKey>NextTimeToCheck</ResourceKey>
          <Action typeName="Sage.Platform.QuickForms.ActionItems.NoActionActionItem, Sage.Platform.QuickForms">
            <NoActionActionItem>
              <MethodName />
            </NoActionActionItem>
          </Action>
          <IsDialogCloseAction>False</IsDialogCloseAction>
          <RunOnEveryRePaint>False</RunOnEveryRePaint>
          <DialogActionResult>NoResult</DialogActionResult>
          <PerformsUpdate>False</PerformsUpdate>
          <AppliedSecurity />
          <RefreshData>False</RefreshData>
        </OnChangeAction>
        <Required>false</Required>
        <DateTimeValue xsi:nil="true" />
        <SelectedDateTime>0001-01-01T00:00:00</SelectedDateTime>
        <DateOnly>false</DateOnly>
        <DisplayTime>true</DisplayTime>
        <BoundFieldType>DateTime</BoundFieldType>
        <AutoPostBack>false</AutoPostBack>
        <Timeless>false</Timeless>
      </QFDateTimePicker>
    </Control>
  </Controls>
  <ToolControls>
    <Control typeName="Sage.Platform.QuickForms.Controls.QFElementSpacer, Sage.Platform.QuickForms">
      <QFElementSpacer>
        <Column>0</Column>
        <Row>0</Row>
        <HotKey>0</HotKey>
        <TabIndex>0</TabIndex>
        <ControlId>d46c7c979505499e8204e23036145791</ControlId>
        <DataBindings />
        <ControlLabelPlacement>left</ControlLabelPlacement>
        <ExtendedProperties />
        <CaptionAlignment>left</CaptionAlignment>
        <StyleScheme />
      </QFElementSpacer>
    </Control>
    <Control typeName="Sage.Platform.QuickForms.Controls.QFElementSpacer, Sage.Platform.QuickForms">
      <QFElementSpacer>
        <Column>0</Column>
        <Row>0</Row>
        <HotKey>0</HotKey>
        <TabIndex>0</TabIndex>
        <ControlId>d351754d590b4ff7b7e63ca53094c6e3</ControlId>
        <DataBindings />
        <ControlLabelPlacement>left</ControlLabelPlacement>
        <ExtendedProperties />
        <CaptionAlignment>left</CaptionAlignment>
        <StyleScheme />
      </QFElementSpacer>
    </Control>
  </ToolControls>
  <Columns>
    <ColumnStyle>
      <SizeType>Percent</SizeType>
      <Width>50</Width>
    </ColumnStyle>
    <ColumnStyle>
      <SizeType>Percent</SizeType>
      <Width>50</Width>
    </ColumnStyle>
  </Columns>
  <Rows>
    <RowStyle>
      <SizeType>Absolute</SizeType>
      <Height>35</Height>
    </RowStyle>
  </Rows>
  <Description />
  <UseEntityNameAsTitle>true</UseEntityNameAsTitle>
  <EntityTypeName>INotificationEvent</EntityTypeName>
  <DefaultNamespace>Sage.Entity.Interfaces</DefaultNamespace>
  <AssemblyName>Sage.Entity.Interfaces</AssemblyName>
</QuickForm>