<?xml version="1.0"?>
<QuickForm xmlns:xsi="http://www.w3.org/2001/XMLSchema-instance" xmlns:xsd="http://www.w3.org/2001/XMLSchema" id="bde0b959-fbe2-45d5-b6cf-4debb2b1ea87" DefinitionType="Sage.Platform.QuickForms.QuickFormMainDetailViewDefinition, Sage.Platform.QuickForms">
  <ActiveControl />
  <ImagePath />
  <LoadActions />
  <Name>NotificationEventTargets</Name>
  <ClientScriptIncludes />
  <ClientResourceKeys />
  <ExtendedProperties />
  <HelpFile />
  <ReadOnly>false</ReadOnly>
  <GeneratePrintView>false</GeneratePrintView>
  <Controls>
    <Control typeName="Sage.SalesLogix.QuickForms.QFControls.QFDataGrid, Sage.SalesLogix.QuickForms.QFControls">
      <QFDataGrid>
        <Column>0</Column>
        <Row>0</Row>
        <HotKey>0</HotKey>
        <TabIndex>0</TabIndex>
        <ControlId>grdNotificationTargets</ControlId>
        <DataBindings />
        <ControlLabelPlacement>none</ControlLabelPlacement>
        <ExtendedProperties />
        <CaptionAlignment>left</CaptionAlignment>
        <StyleScheme />
        <DataSource>dsNotificationTargets</DataSource>
        <EnablePaging>true</EnablePaging>
        <EnableSorting>true</EnableSorting>
        <Columns>
          <QFDataGridCol>
            <StyleScheme />
            <DataField>Target.OwnerDescription</DataField>
            <ColumnId>3de1cf17-a691-415c-a5c2-532bdabb8346</ColumnId>
            <HorizontalAlignment>left</HorizontalAlignment>
            <HeaderAlignment>left</HeaderAlignment>
            <SortDirection>None</SortDirection>
            <IsSortable>false</IsSortable>
            <SortField>Target.OwnerDescription</SortField>
            <MultiCurrencyDependent>false</MultiCurrencyDependent>
          </QFDataGridCol>
          <QFDeleteCol>
            <StyleScheme />
            <DataField />
            <ColumnId>3b2d294e-a380-46a9-848f-a06b93aa3b32</ColumnId>
            <HorizontalAlignment>left</HorizontalAlignment>
            <HeaderAlignment>left</HeaderAlignment>
            <SortDirection>None</SortDirection>
            <IsSortable>false</IsSortable>
            <MultiCurrencyDependent>false</MultiCurrencyDependent>
            <BusinessRule>Delete</BusinessRule>
            <BusinessRuleObjectName>NotificationTarget</BusinessRuleObjectName>
            <BusinessRuleParameters />
            <AppliedSecurity />
          </QFDeleteCol>
        </Columns>
        <RenderVertical>false</RenderVertical>
        <OnRowSelectedAction>
          <ResourceKey>grdNotificationTargets</ResourceKey>
          <Action typeName="Sage.Platform.QuickForms.ActionItems.NoActionActionItem, Sage.Platform.QuickForms">
            <NoActionActionItem>
              <MethodName />
            </NoActionActionItem>
          </Action>
          <IsDialogCloseAction>False</IsDialogCloseAction>
          <RunOnEveryRePaint>False</RunOnEveryRePaint>
          <DialogActionResult>NoResult</DialogActionResult>
          <PerformsUpdate>False</PerformsUpdate>
          <AppliedSecurity />
          <RefreshData>False</RefreshData>
        </OnRowSelectedAction>
      </QFDataGrid>
    </Control>
    <Control typeName="Sage.Platform.QuickForms.QFControls.QFDataSource, Sage.Platform.QuickForms.QFControls">
      <QFDataSource>
        <Column>0</Column>
        <Row>1</Row>
        <Visible>false</Visible>
        <HotKey>48</HotKey>
        <TabIndex>0</TabIndex>
        <ControlId>dsNotificationTargets</ControlId>
        <DataBindings />
        <ControlLabelPlacement>none</ControlLabelPlacement>
        <ExtendedProperties />
        <CaptionAlignment>left</CaptionAlignment>
        <StyleScheme />
        <EntityTypeName>NotificationTarget</EntityTypeName>
        <GetByMethod />
        <GetByProperty>Targets</GetByProperty>
        <UseSmartSelection>true</UseSmartSelection>
        <DataOptional>false</DataOptional>
      </QFDataSource>
    </Control>
  </Controls>
  <ToolControls>
    <Control typeName="Sage.Platform.QuickForms.Controls.QFElementSpacer, Sage.Platform.QuickForms">
      <QFElementSpacer>
        <Column>0</Column>
        <Row>0</Row>
        <HotKey>0</HotKey>
        <TabIndex>0</TabIndex>
        <ControlId />
        <DataBindings />
        <ControlLabelPlacement>left</ControlLabelPlacement>
        <ExtendedProperties />
        <CaptionAlignment>left</CaptionAlignment>
        <StyleScheme />
      </QFElementSpacer>
    </Control>
    <Control typeName="Sage.Platform.QuickForms.Controls.QFElementSpacer, Sage.Platform.QuickForms">
      <QFElementSpacer>
        <Column>0</Column>
        <Row>0</Row>
        <HotKey>0</HotKey>
        <TabIndex>0</TabIndex>
        <ControlId />
        <DataBindings />
        <ControlLabelPlacement>left</ControlLabelPlacement>
        <ExtendedProperties />
        <CaptionAlignment>left</CaptionAlignment>
        <StyleScheme />
      </QFElementSpacer>
    </Control>
    <Control typeName="Sage.SalesLogix.QuickForms.QFControls.QFSLXLookup, Sage.SalesLogix.QuickForms.QFControls">
      <QFSLXLookup>
        <Column>0</Column>
        <Row>0</Row>
        <HotKey>0</HotKey>
        <TabIndex>0</TabIndex>
        <ControlId>lueUser</ControlId>
        <DataBindings />
        <ControlLabelPlacement>left</ControlLabelPlacement>
        <ExtendedProperties />
        <CaptionAlignment>left</CaptionAlignment>
        <StyleScheme />
        <OnChangeAction>
          <ResourceKey>lueUser</ResourceKey>
          <Action typeName="Sage.Platform.QuickForms.ActionItems.InsertAssociationAction, Sage.Platform.QuickForms">
            <InsertAssociationAction>
              <ParentRelationshipPropertyName>NotificationEvent</ParentRelationshipPropertyName>
              <ChildRelationshipPropertyName>Target</ChildRelationshipPropertyName>
              <DataSource>dsNotificationTargets</DataSource>
              <SmartPart />
              <Height>200</Height>
              <Width>450</Width>
              <Top>0</Top>
              <Left>0</Left>
              <ResourceKey>ffb0c015-e733-4211-9f14-40caf5d062ce</ResourceKey>
              <CenterDialog>True</CenterDialog>
              <PassResultsToNextAction>False</PassResultsToNextAction>
              <DuplicateAssociationCheck>True</DuplicateAssociationCheck>
              <OnComplete typeName="Sage.Platform.QuickForms.ActionItems.NoActionActionItem, Sage.Platform.QuickForms">
                <NoActionActionItem>
                  <MethodName />
                </NoActionActionItem>
              </OnComplete>
            </InsertAssociationAction>
          </Action>
          <IsDialogCloseAction>False</IsDialogCloseAction>
          <RunOnEveryRePaint>False</RunOnEveryRePaint>
          <DialogActionResult>NoResult</DialogActionResult>
          <PerformsUpdate>False</PerformsUpdate>
          <AppliedSecurity />
          <RefreshData>False</RefreshData>
        </OnChangeAction>
        <Required>false</Required>
        <LookupImage>[Localization!Global_Images:plus_16x16]</LookupImage>
        <LookupDialogWidth xsi:nil="true" />
        <LookupDialogHeight xsi:nil="true" />
        <LookupDisplayMode>ButtonOnly</LookupDisplayMode>
        <LookupBindingMode>Object</LookupBindingMode>
        <LookupResultValue xsi:type="xsd:string" />
        <SeedProperty />
        <SeedValue />
        <DropDownDisplayProperty />
        <AllowClearingResult>false</AllowClearingResult>
        <AppendStringValues>false</AppendStringValues>
        <OverrideSeedOnSearch>false</OverrideSeedOnSearch>
        <LookupEntityName>Owner</LookupEntityName>
        <LookupEntityTypeName>Sage.Entity.Interfaces.IOwner, Sage.Entity.Interfaces, Version=0.0.0.0, Culture=neutral, PublicKeyToken=null</LookupEntityTypeName>
        <AutoPostBack>false</AutoPostBack>
        <EnableHyperLinking>false</EnableHyperLinking>
        <InitializeLookup>false</InitializeLookup>
        <LookupProperties>
          <LookupProperty>
            <PropertyName>OwnerDescription</PropertyName>
            <PropertyType>System.String</PropertyType>
            <PropertyHeader>Name</PropertyHeader>
            <PropertyFormat>None</PropertyFormat>
            <PropertyFormatString />
            <UseAsResult>true</UseAsResult>
            <ExcludeFromFilters>false</ExcludeFromFilters>
            <IsSortable>true</IsSortable>
            <HideCondition />
          </LookupProperty>
        </LookupProperties>
        <LookupPreFilters />
      </QFSLXLookup>
    </Control>
  </ToolControls>
  <Columns>
    <ColumnStyle>
      <SizeType>Percent</SizeType>
      <Width>100</Width>
    </ColumnStyle>
  </Columns>
  <Rows>
    <RowStyle>
      <SizeType>Absolute</SizeType>
      <Height>35</Height>
    </RowStyle>
    <RowStyle>
      <SizeType>Absolute</SizeType>
      <Height>35</Height>
    </RowStyle>
  </Rows>
  <Description />
  <UseEntityNameAsTitle>true</UseEntityNameAsTitle>
  <EntityTypeName>INotificationEvent</EntityTypeName>
  <DefaultNamespace>Sage.Entity.Interfaces</DefaultNamespace>
  <AssemblyName>Sage.Entity.Interfaces</AssemblyName>
</QuickForm>