<?xml version="1.0"?>
<PortalPage xmlns:xsi="http://www.w3.org/2001/XMLSchema-instance" xmlns:xsd="http://www.w3.org/2001/XMLSchema" id="8995b96e-dbb2-401b-b2c1-af724d981814">
  <PageAlias>InsertNotificationEvent</PageAlias>
  <SmallImage>[Localization!Global_Images:NotificationEvent_16x16]</SmallImage>
  <TemplateUrl>Masters\base.master</TemplateUrl>
  <InheritsFrom>Sage.Platform.WebPortal.EntityPage, Sage.Platform.WebPortal</InheritsFrom>
  <Properties>
    <Property Name="EntityTypeName" TypeConverter="">Sage.Entity.Interfaces.INotificationEvent, Sage.Entity.Interfaces</Property>
  </Properties>
  <TemplateProperties />
  <IsDefaultPage>false</IsDefaultPage>
  <ExcludedGlobalModules />
  <AppliedSecurity />
</PortalPage>