<?xml version="1.0"?>
<relationship xmlns:xsi="http://www.w3.org/2001/XMLSchema-instance" xmlns:xsd="http://www.w3.org/2001/XMLSchema" id="eb3af271-caf7-466f-8c6a-9b54fd42aced" lastModifiedUtc="2013-11-11T21:33:21.5367982Z" cardinality="M:1" parentEntityId="e24c9104-aa36-4fae-b682-756e4ba30037" childEntityId="548a40fe-5105-45fe-9b41-e907948cbf32">
  <extendedMetaData />
  <ExtendedPropertiesCollection>
    <extendee type="Sage.Platform.Orm.Entities.OrmRelationship" />
  </ExtendedPropertiesCollection>
  <parentProperty id="594d60d3-3c96-4ea6-9973-a4139054f4be" lastModifiedUtc="2013-11-11T21:33:21.5367982Z" name="DeliveryMethod" audited="false">
    <ExtendedPropertiesCollection>
      <extendee type="Sage.Platform.Orm.Entities.OrmRelationProperty">
        <extender guid="ae60621d-9d91-3d9a-b9fb-eb6c8be12131">
          <OrmEntityPropertySDataExtension generate="true" />
        </extender>
      </extendee>
    </ExtendedPropertiesCollection>
    <SystemDataType guid="2f770d03-c93c-4605-8ae8-7cdae04830d7">
      <RelationshipDataType />
    </SystemDataType>
  </parentProperty>
  <childProperty id="0ba5542a-b67c-4a1f-b766-ae583aa2adaa" lastModifiedUtc="2013-11-11T20:54:49.5945626Z" name="NotificationEvent" audited="false" include="false">
    <ExtendedPropertiesCollection>
      <extendee type="Sage.Platform.Orm.Entities.OrmRelationProperty">
        <extender guid="ae60621d-9d91-3d9a-b9fb-eb6c8be12131">
          <OrmEntityPropertySDataExtension generate="true" />
        </extender>
      </extendee>
    </ExtendedPropertiesCollection>
    <SystemDataType guid="2f770d03-c93c-4605-8ae8-7cdae04830d7">
      <RelationshipDataType />
    </SystemDataType>
  </childProperty>
  <column>
    <OrmRelationshipColumn id="59eced7f-0e6b-4443-a696-3c18406d4751" parentPropertyId="00b09a31-74d1-410c-883a-c12855b1a70f" childPropertyId="1a3cbb3e-a6ff-49a1-8dee-9b88cc515f2a" ordinal="0" />
  </column>
</relationship>