<?xml version="1.0"?>
<relationship xmlns:xsi="http://www.w3.org/2001/XMLSchema-instance" xmlns:xsd="http://www.w3.org/2001/XMLSchema" id="5c7052c3-ecc3-4819-9733-dc2c710357f5" lastModifiedUtc="2013-11-08T15:15:47.8912046Z" cardinality="M:1" parentEntityId="fc8e54c0-e922-44cb-9fe8-895ee3392999" childEntityId="dfca3267-2f5b-4970-813b-5aeb9ea75649">
  <extendedMetaData />
  <ExtendedPropertiesCollection>
    <extendee type="Sage.Platform.Orm.Entities.OrmRelationship" />
  </ExtendedPropertiesCollection>
  <parentProperty id="fc59d1a2-9e2a-4ab0-8713-4c608b9c1b59" lastModifiedUtc="2013-11-08T15:15:45.5060682Z" name="Target" audited="false">
    <ExtendedPropertiesCollection>
      <extendee type="Sage.Platform.Orm.Entities.OrmRelationProperty">
        <extender guid="ae60621d-9d91-3d9a-b9fb-eb6c8be12131">
          <OrmEntityPropertySDataExtension generate="true" />
        </extender>
      </extendee>
    </ExtendedPropertiesCollection>
    <SystemDataType guid="2f770d03-c93c-4605-8ae8-7cdae04830d7">
      <RelationshipDataType />
    </SystemDataType>
  </parentProperty>
  <childProperty id="3f79bf5f-7e1a-4ca3-9625-4397efb22cc4" lastModifiedUtc="2013-11-08T14:07:28.5977384Z" name="NotificationTarget" audited="false" include="false">
    <ExtendedPropertiesCollection>
      <extendee type="Sage.Platform.Orm.Entities.OrmRelationProperty">
        <extender guid="ae60621d-9d91-3d9a-b9fb-eb6c8be12131">
          <OrmEntityPropertySDataExtension generate="true" />
        </extender>
      </extendee>
    </ExtendedPropertiesCollection>
    <SystemDataType guid="2f770d03-c93c-4605-8ae8-7cdae04830d7">
      <RelationshipDataType />
    </SystemDataType>
  </childProperty>
  <column>
    <OrmRelationshipColumn id="1b4cc11a-f750-4539-bcb6-6fba3e5a4c92" parentPropertyId="e58d7df5-f0fd-48cb-ac28-7d40ead6a7a0" childPropertyId="178ebc9c-d165-4d4c-af7d-0315701aa611" ordinal="0" />
  </column>
</relationship>