<?xml version="1.0"?>
<relationship xmlns:xsi="http://www.w3.org/2001/XMLSchema-instance" xmlns:xsd="http://www.w3.org/2001/XMLSchema" id="fe6d89d9-c516-4b09-8b6a-cf25264c710d" lastModifiedUtc="2013-11-07T18:13:39.7237691Z" parentEntityId="e24c9104-aa36-4fae-b682-756e4ba30037" childEntityId="fc8e54c0-e922-44cb-9fe8-895ee3392999" cascadeOption="SaveUpdateDelete">
  <extendedMetaData />
  <ExtendedPropertiesCollection>
    <extendee type="Sage.Platform.Orm.Entities.OrmRelationship" />
  </ExtendedPropertiesCollection>
  <parentProperty id="c5e88046-2c92-4a28-a8b8-3329fb73cede" lastModifiedUtc="2013-11-07T18:13:36.7876012Z" name="Targets" audited="false">
    <ExtendedPropertiesCollection>
      <extendee type="Sage.Platform.Orm.Entities.OrmRelationProperty">
        <extender guid="ae60621d-9d91-3d9a-b9fb-eb6c8be12131">
          <OrmEntityPropertySDataExtension generate="true" />
        </extender>
      </extendee>
    </ExtendedPropertiesCollection>
    <SystemDataType guid="2f770d03-c93c-4605-8ae8-7cdae04830d7">
      <RelationshipDataType />
    </SystemDataType>
  </parentProperty>
  <childProperty id="f37e31ac-1e60-42fe-bccc-b6add9cb724d" lastModifiedUtc="2013-11-07T18:12:42.4044907Z" name="NotificationEvent" audited="false">
    <ExtendedPropertiesCollection>
      <extendee type="Sage.Platform.Orm.Entities.OrmRelationProperty">
        <extender guid="ae60621d-9d91-3d9a-b9fb-eb6c8be12131">
          <OrmEntityPropertySDataExtension generate="true" />
        </extender>
      </extendee>
    </ExtendedPropertiesCollection>
    <SystemDataType guid="2f770d03-c93c-4605-8ae8-7cdae04830d7">
      <RelationshipDataType />
    </SystemDataType>
  </childProperty>
  <column>
    <OrmRelationshipColumn id="2326a11b-cfc3-45bb-934f-98ad301b7030" parentPropertyId="abb917d8-d6a0-46a3-90d3-70f946a15f0b" childPropertyId="d30d1c38-070d-480c-9bce-91add176e87e" ordinal="0" />
  </column>
</relationship>