<?xml version="1.0"?>
<SmartPartMapping xmlns:xsi="http://www.w3.org/2001/XMLSchema-instance" xmlns:xsd="http://www.w3.org/2001/XMLSchema" id="2476e0ab-95a6-4d01-8451-541b98e25876">
  <SmartPartId>InsertNotificationEvent</SmartPartId>
  <ReferencedModelId>b2741b79-02a2-4f4c-81cd-c204f82cf41c</ReferencedModelId>
  <SmartPart>\Entity Model\SalesLogix Application Entities\NotificationEvent\QuickForms\InsertNotificationEvent.main.quickform.xml</SmartPart>
  <TargetWorkspace>MainContent</TargetWorkspace>
  <ShowInMode>Insert</ShowInMode>
  <Properties />
  <AllowRoles />
</SmartPartMapping>