<?xml version="1.0"?>
<MenuDropDownItem xmlns:xsi="http://www.w3.org/2001/XMLSchema-instance" xmlns:xsd="http://www.w3.org/2001/XMLSchema" id="4fa5d11b-5b1b-4450-8f2c-b4b913f2e58c">
  <ItemId>mnuNotificationEvent</ItemId>
  <NavUrl>InsertNotificationEvent.aspx?modeId=Insert</NavUrl>
  <LargeImageUrl>[Localization!Global_Images:NotificationEvent_32x32]</LargeImageUrl>
  <SmallImageUrl>[Localization!Global_Images:NotificationEvent_16x16]</SmallImageUrl>
  <ContextMenuId />
  <Target />
  <AppliedSecurity>Entities/NotificationEvent/Add</AppliedSecurity>
</MenuDropDownItem>