<?xml version="1.0"?>
<SmartPartMapping xmlns:xsi="http://www.w3.org/2001/XMLSchema-instance" xmlns:xsd="http://www.w3.org/2001/XMLSchema" id="253b211f-e94f-4653-b3f4-97ef678a5a60">
  <SmartPartId>LiveGroupViewer</SmartPartId>
  <ReferencedModelId>00000000-0000-0000-0000-000000000000</ReferencedModelId>
  <SmartPart>SmartParts\GroupBuilder\LiveGroupViewer.ascx</SmartPart>
  <TargetWorkspace>MainContent</TargetWorkspace>
  <ShowInMode>List</ShowInMode>
  <Properties />
  <AllowRoles />
</SmartPartMapping>