<?xml version="1.0"?>
<MenuDropDownItem xmlns:xsi="http://www.w3.org/2001/XMLSchema-instance" xmlns:xsd="http://www.w3.org/2001/XMLSchema" id="155f9f6b-e14f-4ba0-9569-d8bfe3539794">
  <ItemId>menuNewDeliverySystem</ItemId>
  <NavUrl>InsertDeliverySystem.aspx?modeid=insert</NavUrl>
  <LargeImageUrl />
  <SmallImageUrl>[Localization!Global_Images:DeliverySystem_Add_16x16]</SmallImageUrl>
  <ContextMenuId />
  <Target />
  <AppliedSecurity>Entities/DeliverySystem/Add</AppliedSecurity>
</MenuDropDownItem>