<?xml version="1.0"?>
<entity xmlns:xsi="http://www.w3.org/2001/XMLSchema-instance" xmlns:xsd="http://www.w3.org/2001/XMLSchema" id="b1d75cec-0e06-4345-840c-7e1d1d1a45c6" lastModifiedUtc="2013-08-13T01:15:08.3827893Z" manageSchema="false" tableName="FORECASTOPPORTUNITY" name="ForecastOpportunity" isExtension="false" audited="false" onBeforeInsertMethodId="112d1428-cf91-4552-993b-6fd04dbb82b0" onAfterInsertMethodId="90cb789d-cf1a-41c5-a3ac-cfd1baa5031b" onBeforeUpdateMethodId="9fe3e3b0-8cbb-4bb5-a4ad-476699da758b" onAfterUpdateMethodId="f453e890-bcea-42a3-b615-6ec0ed5074ee" onBeforeDeleteMethodId="dab74179-a8b7-4c26-8787-8d07f6be4cdb" onAfterDeleteMethodId="b9d631a3-4f86-466b-9adb-a7c59c1f45de" onCreateId="14fe9061-1ab9-4f64-a13b-bd80bfb8f776">
  <extendedMetaData />
  <ExtendedPropertiesCollection>
    <extendee type="Sage.Platform.Orm.Entities.OrmEntity">
      <extender guid="1589723d-0536-4bf3-bdd7-3f6f7fe165d0">
        <OrmEntityMetadataExtension>
          <IsHistoryTable>false</IsHistoryTable>
        </OrmEntityMetadataExtension>
      </extender>
      <extender guid="76aa0e24-2c8f-3b71-a1f9-ca6db3db4459">
        <OrmEntitySDataExtension generateFeed="true" pathName="forecastOpportunities" lastUpdatedPropertyId="60f6a8db-fae8-485c-9f0d-6b66834a7fef" canPost="true" canPut="true" canDelete="true" />
      </extender>
    </extendee>
  </ExtendedPropertiesCollection>
  <keyProperties>
    <keyReference id="7c691820-bac5-4e72-85ea-a704438c03fe" ordinalPosition="1" />
  </keyProperties>
  <properties>
    <property xsi:type="OrmFieldProperty" id="7c691820-bac5-4e72-85ea-a704438c03fe" lastModifiedUtc="2013-06-27T19:40:56.0801615Z" name="ForecastOpportunityId" audited="false" isNullable="false" include="false" columnName="FORECASTOPPORTUNITYID" maxLength="12" precision="0" scale="0" ordinal="0" isReadOnly="false">
      <ExtendedPropertiesCollection>
        <extendee type="Sage.Platform.Orm.Entities.OrmFieldProperty">
          <extender guid="ae60621d-9d91-3d9a-b9fb-eb6c8be12131">
            <OrmEntityPropertySDataExtension generate="true" />
          </extender>
        </extendee>
      </ExtendedPropertiesCollection>
      <SystemDataType guid="30053f5a-8d40-4db1-b185-1e4128eb26cc">
        <StandardIdDataType />
      </SystemDataType>
    </property>
    <property xsi:type="OrmFieldProperty" id="c7f282b4-7c3a-4c73-91b6-86f9b5fe01ba" lastModifiedUtc="2013-06-27T19:40:56.0821616Z" name="ForecastId" audited="false" isNullable="false" include="false" columnName="FORECASTID" maxLength="12" precision="0" scale="0" ordinal="1" isReadOnly="false">
      <ExtendedPropertiesCollection>
        <extendee type="Sage.Platform.Orm.Entities.OrmFieldProperty">
          <extender guid="ae60621d-9d91-3d9a-b9fb-eb6c8be12131">
            <OrmEntityPropertySDataExtension generate="true" />
          </extender>
        </extendee>
      </ExtendedPropertiesCollection>
      <SystemDataType guid="30053f5a-8d40-4db1-b185-1e4128eb26cc">
        <StandardIdDataType />
      </SystemDataType>
    </property>
    <property xsi:type="OrmFieldProperty" id="29ed1e29-d159-4214-91ab-9716dbe3e441" lastModifiedUtc="2013-06-27T19:40:56.0841617Z" name="CreateUser" audited="false" columnName="CREATEUSER" maxLength="12" precision="0" scale="0" ordinal="2" isReadOnly="false">
      <ExtendedPropertiesCollection>
        <extendee type="Sage.Platform.Orm.Entities.OrmFieldProperty">
          <extender guid="ae60621d-9d91-3d9a-b9fb-eb6c8be12131">
            <OrmEntityPropertySDataExtension generate="true" />
          </extender>
        </extendee>
      </ExtendedPropertiesCollection>
      <SystemDataType guid="30053f5a-8d40-4db1-b185-1e4128eb26cc">
        <StandardIdDataType />
      </SystemDataType>
    </property>
    <property xsi:type="OrmFieldProperty" id="d07e44f8-e2af-4333-b6b8-3fbe4c19c2c9" lastModifiedUtc="2013-06-27T19:40:56.0851618Z" name="CreateDate" audited="false" columnName="CREATEDATE" maxLength="0" precision="0" scale="0" ordinal="3" isReadOnly="false">
      <ExtendedPropertiesCollection>
        <extendee type="Sage.Platform.Orm.Entities.OrmFieldProperty">
          <extender guid="ae60621d-9d91-3d9a-b9fb-eb6c8be12131">
            <OrmEntityPropertySDataExtension generate="true" />
          </extender>
        </extendee>
      </ExtendedPropertiesCollection>
      <SystemDataType guid="1f08f2eb-87c8-443b-a7c2-a51f590923f5">
        <DateTimeDataType />
      </SystemDataType>
    </property>
    <property xsi:type="OrmFieldProperty" id="e84dadd8-1345-45eb-be34-e0493e80e0bf" lastModifiedUtc="2013-06-27T19:40:56.0861618Z" name="ModifyUser" audited="false" columnName="MODIFYUSER" maxLength="12" precision="0" scale="0" ordinal="4" isReadOnly="false">
      <ExtendedPropertiesCollection>
        <extendee type="Sage.Platform.Orm.Entities.OrmFieldProperty">
          <extender guid="ae60621d-9d91-3d9a-b9fb-eb6c8be12131">
            <OrmEntityPropertySDataExtension generate="true" />
          </extender>
        </extendee>
      </ExtendedPropertiesCollection>
      <SystemDataType guid="30053f5a-8d40-4db1-b185-1e4128eb26cc">
        <StandardIdDataType />
      </SystemDataType>
    </property>
    <property xsi:type="OrmFieldProperty" id="60f6a8db-fae8-485c-9f0d-6b66834a7fef" lastModifiedUtc="2013-06-27T19:40:56.0871619Z" name="ModifyDate" audited="false" columnName="MODIFYDATE" maxLength="0" precision="0" scale="0" ordinal="5" isReadOnly="false">
      <ExtendedPropertiesCollection>
        <extendee type="Sage.Platform.Orm.Entities.OrmFieldProperty">
          <extender guid="ae60621d-9d91-3d9a-b9fb-eb6c8be12131">
            <OrmEntityPropertySDataExtension generate="true" />
          </extender>
        </extendee>
      </ExtendedPropertiesCollection>
      <SystemDataType guid="1f08f2eb-87c8-443b-a7c2-a51f590923f5">
        <DateTimeDataType />
      </SystemDataType>
    </property>
    <property xsi:type="OrmFieldProperty" id="a23ce854-b5d3-4854-878e-214ced4bef1c" lastModifiedUtc="2013-06-27T19:40:56.089162Z" name="OpportunityId" audited="false" isNullable="false" include="false" columnName="OPPORTUNITYID" maxLength="12" precision="0" scale="0" ordinal="6" isReadOnly="false">
      <ExtendedPropertiesCollection>
        <extendee type="Sage.Platform.Orm.Entities.OrmFieldProperty">
          <extender guid="ae60621d-9d91-3d9a-b9fb-eb6c8be12131">
            <OrmEntityPropertySDataExtension generate="true" />
          </extender>
        </extendee>
      </ExtendedPropertiesCollection>
      <SystemDataType guid="30053f5a-8d40-4db1-b185-1e4128eb26cc">
        <StandardIdDataType />
      </SystemDataType>
    </property>
    <property xsi:type="OrmFieldProperty" id="17946b32-eb04-46d5-9745-fef2d8699b46" lastModifiedUtc="2013-06-27T19:40:56.0901621Z" name="MinPotential" audited="false" columnName="MINPOTENTIAL" maxLength="0" precision="17" scale="4" ordinal="7" isReadOnly="false">
      <ExtendedPropertiesCollection>
        <extendee type="Sage.Platform.Orm.Entities.OrmFieldProperty">
          <extender guid="ae60621d-9d91-3d9a-b9fb-eb6c8be12131">
            <OrmEntityPropertySDataExtension generate="true" />
          </extender>
        </extendee>
      </ExtendedPropertiesCollection>
      <SystemDataType guid="f37c635c-9fbf-40d8-98d5-750a54a3cca1">
        <DoubleDataType />
      </SystemDataType>
    </property>
    <property xsi:type="OrmFieldProperty" id="234f7b53-c888-4d4f-9d5a-dd60ead317ff" lastModifiedUtc="2013-06-27T19:40:56.0911621Z" name="MaxPotential" audited="false" columnName="MAXPOTENTIAL" maxLength="0" precision="17" scale="4" ordinal="8" isReadOnly="false">
      <ExtendedPropertiesCollection>
        <extendee type="Sage.Platform.Orm.Entities.OrmFieldProperty">
          <extender guid="ae60621d-9d91-3d9a-b9fb-eb6c8be12131">
            <OrmEntityPropertySDataExtension generate="true" />
          </extender>
        </extendee>
      </ExtendedPropertiesCollection>
      <SystemDataType guid="f37c635c-9fbf-40d8-98d5-750a54a3cca1">
        <DoubleDataType />
      </SystemDataType>
    </property>
    <property xsi:type="OrmFieldProperty" id="9765edda-8165-487c-9b4e-ef282be65367" lastModifiedUtc="2013-06-27T19:40:56.0921622Z" name="OpportunityStatus" audited="false" columnName="OPPORTUNITYSTATUS" maxLength="64" precision="0" scale="0" ordinal="9" isReadOnly="false">
      <ExtendedPropertiesCollection>
        <extendee type="Sage.Platform.Orm.Entities.OrmFieldProperty">
          <extender guid="ae60621d-9d91-3d9a-b9fb-eb6c8be12131">
            <OrmEntityPropertySDataExtension generate="true" />
          </extender>
        </extendee>
      </ExtendedPropertiesCollection>
      <SystemDataType guid="ccc0f01d-7ba5-408e-8526-a3f942354b3a">
        <TextDataType>
          <Length>64</Length>
        </TextDataType>
      </SystemDataType>
    </property>
    <property xsi:type="OrmFieldProperty" id="6f315245-774c-4ee5-9724-0227c6da6d4d" lastModifiedUtc="2013-06-27T19:40:56.0931622Z" name="OpportunityCloseDate" audited="false" columnName="OPPORTUNITYCLOSEDATE" maxLength="0" precision="0" scale="0" ordinal="10" isReadOnly="false">
      <ExtendedPropertiesCollection>
        <extendee type="Sage.Platform.Orm.Entities.OrmFieldProperty">
          <extender guid="ae60621d-9d91-3d9a-b9fb-eb6c8be12131">
            <OrmEntityPropertySDataExtension generate="true" />
          </extender>
        </extendee>
      </ExtendedPropertiesCollection>
      <SystemDataType guid="1f08f2eb-87c8-443b-a7c2-a51f590923f5">
        <DateTimeDataType />
      </SystemDataType>
    </property>
    <property xsi:type="OrmFieldProperty" id="0b3af1b0-18b8-4155-b60e-20a3b0653365" lastModifiedUtc="2013-08-13T01:15:08.3817893Z" name="CloseProbability" audited="false" columnName="CLOSEPROBABILITY" maxLength="0" precision="10" scale="0" ordinal="11" isReadOnly="false">
      <ExtendedPropertiesCollection>
        <extendee type="Sage.Platform.Orm.Entities.OrmFieldProperty">
          <extender guid="ae60621d-9d91-3d9a-b9fb-eb6c8be12131">
            <OrmEntityPropertySDataExtension generate="true" />
          </extender>
        </extendee>
      </ExtendedPropertiesCollection>
      <SystemDataType guid="47f90249-e4c8-4564-9ae6-e1fa9904f8b8">
        <IntegerDataType />
      </SystemDataType>
    </property>
  </properties>
</entity>