<?xml version="1.0"?>
<relationship xmlns:xsi="http://www.w3.org/2001/XMLSchema-instance" xmlns:xsd="http://www.w3.org/2001/XMLSchema" id="60918d90-cf7d-4c17-92dd-b0afa112444b" lastModifiedUtc="2013-01-15T18:33:54.9618746Z" parentEntityId="7be6b1ed-b699-430c-9756-84d7fc517921" childEntityId="b7485464-59d1-49b7-b465-cdc99e25d08b" cascadeOption="SaveUpdateDelete">
  <extendedMetaData />
  <ExtendedPropertiesCollection>
    <extendee type="Sage.Platform.Orm.Entities.OrmRelationship" />
  </ExtendedPropertiesCollection>
  <parentProperty id="1bc57f4e-75b9-48dc-8dd9-6ace9ab2b771" lastModifiedUtc="2013-01-15T18:33:46.6874013Z" name="ForecastAudits" audited="false">
    <ExtendedPropertiesCollection>
      <extendee type="Sage.Platform.Orm.Entities.OrmRelationProperty">
        <extender guid="ae60621d-9d91-3d9a-b9fb-eb6c8be12131">
          <OrmEntityPropertySDataExtension generate="true" />
        </extender>
      </extendee>
    </ExtendedPropertiesCollection>
    <SystemDataType guid="2f770d03-c93c-4605-8ae8-7cdae04830d7">
      <RelationshipDataType />
    </SystemDataType>
  </parentProperty>
  <childProperty id="4d82b8b2-554f-48d2-bbfe-5e584022e01b" lastModifiedUtc="2013-01-15T18:33:46.6894014Z" name="Forecast" audited="false">
    <ExtendedPropertiesCollection>
      <extendee type="Sage.Platform.Orm.Entities.OrmRelationProperty">
        <extender guid="ae60621d-9d91-3d9a-b9fb-eb6c8be12131">
          <OrmEntityPropertySDataExtension generate="true" />
        </extender>
      </extendee>
    </ExtendedPropertiesCollection>
    <SystemDataType guid="2f770d03-c93c-4605-8ae8-7cdae04830d7">
      <RelationshipDataType />
    </SystemDataType>
  </childProperty>
  <column>
    <OrmRelationshipColumn id="578b58dd-34c0-4ae7-a545-103c80a30bce" parentPropertyId="c00ba4f7-77a9-4d18-a427-c59b2f12eafb" childPropertyId="0a4d1e3e-4816-4913-9132-4364a81d2a77" ordinal="0" />
  </column>
</relationship>