<?xml version="1.0"?>
<relationship xmlns:xsi="http://www.w3.org/2001/XMLSchema-instance" xmlns:xsd="http://www.w3.org/2001/XMLSchema" id="b513d54d-6c01-4784-a05c-6714d37bd971" lastModifiedUtc="2013-08-13T02:59:50.8241244Z" parentEntityId="3172551b-f476-45ea-98de-2bb04ddba687" childEntityId="b1d75cec-0e06-4345-840c-7e1d1d1a45c6" cascadeOption="SaveUpdateDelete">
  <extendedMetaData />
  <ExtendedPropertiesCollection>
    <extendee type="Sage.Platform.Orm.Entities.OrmRelationship" />
  </ExtendedPropertiesCollection>
  <parentProperty id="b7b5dbba-08cc-423d-b0f6-301699c5c364" lastModifiedUtc="2013-08-13T02:59:32.1720576Z" name="ForecastOpportunities" audited="false">
    <ExtendedPropertiesCollection>
      <extendee type="Sage.Platform.Orm.Entities.OrmRelationProperty">
        <extender guid="ae60621d-9d91-3d9a-b9fb-eb6c8be12131">
          <OrmEntityPropertySDataExtension generate="true" />
        </extender>
      </extendee>
    </ExtendedPropertiesCollection>
    <SystemDataType guid="2f770d03-c93c-4605-8ae8-7cdae04830d7">
      <RelationshipDataType />
    </SystemDataType>
  </parentProperty>
  <childProperty id="e710e372-44e5-4232-b2b9-c07aaea9cb77" lastModifiedUtc="2013-08-13T02:59:50.8241244Z" name="Opportunity" audited="false">
    <ExtendedPropertiesCollection>
      <extendee type="Sage.Platform.Orm.Entities.OrmRelationProperty">
        <extender guid="ae60621d-9d91-3d9a-b9fb-eb6c8be12131">
          <OrmEntityPropertySDataExtension generate="true" />
        </extender>
      </extendee>
    </ExtendedPropertiesCollection>
    <SystemDataType guid="2f770d03-c93c-4605-8ae8-7cdae04830d7">
      <RelationshipDataType />
    </SystemDataType>
  </childProperty>
  <column>
    <OrmRelationshipColumn id="fa696157-dfa1-4958-b815-c07f0b529524" parentPropertyId="3e3db591-f7de-435b-a421-ef2c5e72aa2b" childPropertyId="a23ce854-b5d3-4854-878e-214ced4bef1c" ordinal="0" />
  </column>
</relationship>