<?xml version="1.0"?>
<SmartPartMapping xmlns:xsi="http://www.w3.org/2001/XMLSchema-instance" xmlns:xsd="http://www.w3.org/2001/XMLSchema" id="4b776ca3-edd8-4ade-97c3-92973b9f9c1c">
  <SmartPartId>InsertDeliverySystem</SmartPartId>
  <ReferencedModelId>b2741b79-02a2-4f4c-81cd-c204f82cf41c</ReferencedModelId>
  <SmartPart>\Entity Model\SalesLogix Application Entities\DeliverySystem\QuickForms\InsertDeliverySystem.main.quickform.xml</SmartPart>
  <TargetWorkspace>MainContent</TargetWorkspace>
  <ShowInMode>Insert</ShowInMode>
  <Properties />
  <AllowRoles />
</SmartPartMapping>