<?xml version="1.0"?>
<PortalPage xmlns:xsi="http://www.w3.org/2001/XMLSchema-instance" xmlns:xsd="http://www.w3.org/2001/XMLSchema" id="57aa2123-f031-4955-b6c2-3a0b93702216">
  <PageAlias>InsertQuota</PageAlias>
  <SmallImage>[Localization!Global_Images:currency_dollar16]</SmallImage>
  <LargeImage>[Localization!Global_Images:currency_dollar24]</LargeImage>
  <TemplateUrl>Masters\Base.Master</TemplateUrl>
  <InheritTemplate>false</InheritTemplate>
  <InheritsFrom>Sage.Platform.WebPortal.EntityPage, Sage.Platform.WebPortal</InheritsFrom>
  <Properties>
    <Property Name="EntityTypeName" TypeConverter="">Sage.Entity.Interfaces.IQuota,Sage.Entity.Interfaces</Property>
  </Properties>
  <TemplateProperties>
    <Property Name="IncludeMiddlePane" TypeConverter="">False</Property>
    <Property Name="IncludeMoreTabsTab" TypeConverter="">False</Property>
    <Property Name="IncludeTaskPane" TypeConverter="">False</Property>
  </TemplateProperties>
  <IsDefaultPage>false</IsDefaultPage>
  <ExcludedGlobalModules />
  <AppliedSecurity>Entities/Quota/Add</AppliedSecurity>
  <IncludeScript />
</PortalPage>