<?xml version="1.0"?>
<NavigationItem xmlns:xsi="http://www.w3.org/2001/XMLSchema-instance" xmlns:xsd="http://www.w3.org/2001/XMLSchema" id="7eb35c06-0322-4900-82f4-6bed2bf008bc">
  <ItemId>navDeliverySystem</ItemId>
  <NavUrl>DeliverySystem.aspx</NavUrl>
  <LargeImageUrl>[Localization!Global_Images:DeliverySystem_32x32]</LargeImageUrl>
  <SmallImageUrl>[Localization!Global_Images:DeliverySystem_24x24]</SmallImageUrl>
  <ContextMenuId>contextDeliverySystem</ContextMenuId>
  <Target />
  <AppliedSecurity>Entities/DeliverySystem/View</AppliedSecurity>
</NavigationItem>