<?xml version="1.0"?>
<entity xmlns:xsi="http://www.w3.org/2001/XMLSchema-instance" xmlns:xsd="http://www.w3.org/2001/XMLSchema" id="9b93c064-031c-4319-bd57-cb4a8b5ae176" lastModifiedUtc="2013-10-30T03:31:04.2470086Z" manageSchema="false" tableName="DELIVERYITEM" name="DeliveryItem" displayPropertyId="e377bfcd-c141-4d31-bf81-a2b27e7242ce" isExtension="false" audited="false" onBeforeInsertMethodId="f740abbb-a16a-432a-a253-e0d13a33ffac" onAfterInsertMethodId="a00a8dbe-1086-42c6-b6ee-389cb8808ad3" onBeforeUpdateMethodId="960b7fd5-c3f3-440e-9055-27eb87d3e3bb" onAfterUpdateMethodId="1b8d1444-409b-48cd-9c56-8697c5cab999" onBeforeDeleteMethodId="b2a6f8d0-da72-4e88-a87a-0a7c46d39ed1" onAfterDeleteMethodId="e2ee6aa8-f26b-4a19-b3b1-25680990702c" onCreateId="0be11cf6-a1fa-4e21-84e5-0e014d0dca4c">
  <extendedMetaData />
  <ExtendedPropertiesCollection>
    <extendee type="Sage.Platform.Orm.Entities.OrmEntity">
      <extender guid="1589723d-0536-4bf3-bdd7-3f6f7fe165d0">
        <OrmEntityMetadataExtension>
          <StringExpression>${Description}</StringExpression>
          <HistoryTypeName />
          <IsHistoryTable>false</IsHistoryTable>
        </OrmEntityMetadataExtension>
      </extender>
      <extender guid="76aa0e24-2c8f-3b71-a1f9-ca6db3db4459">
        <OrmEntitySDataExtension generateFeed="true" pathName="deliveryItems" lastUpdatedPropertyId="07ab9f24-05c8-4d6b-bb72-c1e968a88e69" canPost="true" canPut="true" canDelete="true" />
      </extender>
    </extendee>
  </ExtendedPropertiesCollection>
  <description>Delivery Items</description>
  <keyProperties>
    <keyReference id="802d1fc6-47bf-4f12-99e4-8fc797e2a6b6" ordinalPosition="1" />
  </keyProperties>
  <properties>
    <property xsi:type="OrmFieldProperty" id="4c7cd2eb-d65c-4a0b-8eba-663fa5494307" lastModifiedUtc="2013-10-30T03:31:04.2340079Z" name="Body" audited="false" columnName="BODYTEXT" maxLength="2147483647" precision="0" scale="0" ordinal="8" isReadOnly="false">
      <ExtendedPropertiesCollection>
        <extendee type="Sage.Platform.Orm.Entities.OrmFieldProperty">
          <extender guid="ae60621d-9d91-3d9a-b9fb-eb6c8be12131">
            <OrmEntityPropertySDataExtension generate="true" />
          </extender>
        </extendee>
      </ExtendedPropertiesCollection>
      <SystemDataType guid="f4ca6023-9f5f-4e41-8571-50ba94e8f233">
        <LongTextDataType>
          <Length>2147483647</Length>
        </LongTextDataType>
      </SystemDataType>
    </property>
    <property xsi:type="OrmFieldProperty" id="78ce0d9c-369f-4925-a13b-ce4637184997" lastModifiedUtc="2013-10-30T03:31:04.236008Z" name="CompletedDate" audited="false" columnName="COMPLETEDDATE" maxLength="0" precision="0" scale="0" ordinal="10" isReadOnly="false">
      <ExtendedPropertiesCollection>
        <extendee type="Sage.Platform.Orm.Entities.OrmFieldProperty">
          <extender guid="ae60621d-9d91-3d9a-b9fb-eb6c8be12131">
            <OrmEntityPropertySDataExtension generate="true" />
          </extender>
        </extendee>
      </ExtendedPropertiesCollection>
      <SystemDataType guid="1f08f2eb-87c8-443b-a7c2-a51f590923f5">
        <DateTimeDataType />
      </SystemDataType>
    </property>
    <property xsi:type="OrmFieldProperty" id="84805993-6094-471e-b9b2-a40aaca7eff9" lastModifiedUtc="2013-10-30T03:31:04.2370081Z" name="CreateDate" audited="false" columnName="CREATEDATE" maxLength="0" precision="0" scale="0" ordinal="2" isReadOnly="false">
      <ExtendedPropertiesCollection>
        <extendee type="Sage.Platform.Orm.Entities.OrmFieldProperty">
          <extender guid="ae60621d-9d91-3d9a-b9fb-eb6c8be12131">
            <OrmEntityPropertySDataExtension generate="true" />
          </extender>
        </extendee>
      </ExtendedPropertiesCollection>
      <SystemDataType guid="1f08f2eb-87c8-443b-a7c2-a51f590923f5">
        <DateTimeDataType />
      </SystemDataType>
    </property>
    <property xsi:type="OrmFieldProperty" id="bf614970-218e-497d-8952-2f92144a11ef" lastModifiedUtc="2013-10-30T03:31:04.2370081Z" name="CreateUser" audited="false" columnName="CREATEUSER" maxLength="12" precision="0" scale="0" ordinal="1" isReadOnly="false">
      <ExtendedPropertiesCollection>
        <extendee type="Sage.Platform.Orm.Entities.OrmFieldProperty">
          <extender guid="ae60621d-9d91-3d9a-b9fb-eb6c8be12131">
            <OrmEntityPropertySDataExtension generate="true" />
          </extender>
        </extendee>
      </ExtendedPropertiesCollection>
      <SystemDataType guid="30053f5a-8d40-4db1-b185-1e4128eb26cc">
        <StandardIdDataType />
      </SystemDataType>
    </property>
    <property xsi:type="OrmFieldProperty" id="802d1fc6-47bf-4f12-99e4-8fc797e2a6b6" lastModifiedUtc="2013-10-30T03:31:04.2430084Z" name="DeliveryItemId" audited="false" isNullable="false" include="false" columnName="DELIVERYITEMID" maxLength="12" precision="0" scale="0" ordinal="0" isReadOnly="false">
      <ExtendedPropertiesCollection>
        <extendee type="Sage.Platform.Orm.Entities.OrmFieldProperty">
          <extender guid="ae60621d-9d91-3d9a-b9fb-eb6c8be12131">
            <OrmEntityPropertySDataExtension generate="true" />
          </extender>
        </extendee>
      </ExtendedPropertiesCollection>
      <SystemDataType guid="30053f5a-8d40-4db1-b185-1e4128eb26cc">
        <StandardIdDataType />
      </SystemDataType>
    </property>
    <property xsi:type="OrmFieldProperty" id="c3e3714c-707a-47de-9fe0-b2b91677b340" lastModifiedUtc="2013-10-30T03:31:04.2430084Z" name="DeliverySystemId" audited="false" include="false" columnName="DELIVERYSYSTEMID" maxLength="12" precision="0" scale="0" ordinal="9" isReadOnly="false">
      <ExtendedPropertiesCollection>
        <extendee type="Sage.Platform.Orm.Entities.OrmFieldProperty">
          <extender guid="ae60621d-9d91-3d9a-b9fb-eb6c8be12131">
            <OrmEntityPropertySDataExtension generate="true" />
          </extender>
        </extendee>
      </ExtendedPropertiesCollection>
      <SystemDataType guid="30053f5a-8d40-4db1-b185-1e4128eb26cc">
        <StandardIdDataType />
      </SystemDataType>
    </property>
    <property xsi:type="OrmFieldProperty" id="e377bfcd-c141-4d31-bf81-a2b27e7242ce" lastModifiedUtc="2013-10-30T03:31:04.2440085Z" name="Description" audited="false" columnName="DESCRIPTION" maxLength="255" precision="0" scale="0" ordinal="11" isReadOnly="false">
      <ExtendedPropertiesCollection>
        <extendee type="Sage.Platform.Orm.Entities.OrmFieldProperty">
          <extender guid="ae60621d-9d91-3d9a-b9fb-eb6c8be12131">
            <OrmEntityPropertySDataExtension generate="true" />
          </extender>
        </extendee>
      </ExtendedPropertiesCollection>
      <SystemDataType guid="ccc0f01d-7ba5-408e-8526-a3f942354b3a">
        <TextDataType>
          <Length>255</Length>
        </TextDataType>
      </SystemDataType>
    </property>
    <property xsi:type="OrmFieldProperty" id="d7fdf3d0-1a76-445d-99c4-38043cdd205d" lastModifiedUtc="2013-10-30T03:31:04.2450085Z" name="ErrorText" audited="false" columnName="ERRORTEXT" maxLength="4000" precision="0" scale="0" ordinal="6" isReadOnly="false">
      <ExtendedPropertiesCollection>
        <extendee type="Sage.Platform.Orm.Entities.OrmFieldProperty">
          <extender guid="ae60621d-9d91-3d9a-b9fb-eb6c8be12131">
            <OrmEntityPropertySDataExtension generate="true" />
          </extender>
        </extendee>
      </ExtendedPropertiesCollection>
      <SystemDataType guid="ccc0f01d-7ba5-408e-8526-a3f942354b3a">
        <TextDataType>
          <Length>4000</Length>
        </TextDataType>
      </SystemDataType>
    </property>
    <property xsi:type="OrmFieldProperty" id="07ab9f24-05c8-4d6b-bb72-c1e968a88e69" lastModifiedUtc="2013-10-30T03:31:04.2450085Z" name="ModifyDate" audited="false" columnName="MODIFYDATE" maxLength="0" precision="0" scale="0" ordinal="4" isReadOnly="false">
      <ExtendedPropertiesCollection>
        <extendee type="Sage.Platform.Orm.Entities.OrmFieldProperty">
          <extender guid="ae60621d-9d91-3d9a-b9fb-eb6c8be12131">
            <OrmEntityPropertySDataExtension generate="true" />
          </extender>
        </extendee>
      </ExtendedPropertiesCollection>
      <SystemDataType guid="1f08f2eb-87c8-443b-a7c2-a51f590923f5">
        <DateTimeDataType />
      </SystemDataType>
    </property>
    <property xsi:type="OrmFieldProperty" id="591e3fe6-0c38-450c-af3b-0f4eddcf865c" lastModifiedUtc="2013-10-30T03:31:04.2460086Z" name="ModifyUser" audited="false" columnName="MODIFYUSER" maxLength="12" precision="0" scale="0" ordinal="3" isReadOnly="false">
      <ExtendedPropertiesCollection>
        <extendee type="Sage.Platform.Orm.Entities.OrmFieldProperty">
          <extender guid="ae60621d-9d91-3d9a-b9fb-eb6c8be12131">
            <OrmEntityPropertySDataExtension generate="true" />
          </extender>
        </extendee>
      </ExtendedPropertiesCollection>
      <SystemDataType guid="30053f5a-8d40-4db1-b185-1e4128eb26cc">
        <StandardIdDataType />
      </SystemDataType>
    </property>
    <property xsi:type="OrmFieldProperty" id="2d2b6f25-3662-4af8-adfc-2fb646b56981" lastModifiedUtc="2013-10-30T03:31:04.2460086Z" name="Status" audited="false" columnName="STATUS" maxLength="32" precision="0" scale="0" ordinal="5" isReadOnly="false">
      <ExtendedPropertiesCollection>
        <extendee type="Sage.Platform.Orm.Entities.OrmFieldProperty">
          <extender guid="ae60621d-9d91-3d9a-b9fb-eb6c8be12131">
            <OrmEntityPropertySDataExtension generate="true" />
          </extender>
        </extendee>
      </ExtendedPropertiesCollection>
      <SystemDataType guid="b71918bf-fac1-4b62-9ed5-0b0294bc9900">
        <PickListDataType>
          <PickListName>Delivery Item Status</PickListName>
          <ValueStoredAsText>true</ValueStoredAsText>
          <AllowMultiples>false</AllowMultiples>
          <MustExistInList>true</MustExistInList>
          <NoneEditable>true</NoneEditable>
          <AlphaSort>false</AlphaSort>
          <Length>64</Length>
        </PickListDataType>
      </SystemDataType>
    </property>
    <property xsi:type="OrmFieldProperty" id="a2fa4936-ff5e-4da7-a959-956fd858e6b9" lastModifiedUtc="2013-10-30T03:31:04.2470086Z" name="Subject" audited="false" columnName="SUBJECT" maxLength="256" precision="0" scale="0" ordinal="7" isReadOnly="false">
      <ExtendedPropertiesCollection>
        <extendee type="Sage.Platform.Orm.Entities.OrmFieldProperty">
          <extender guid="ae60621d-9d91-3d9a-b9fb-eb6c8be12131">
            <OrmEntityPropertySDataExtension generate="true" />
          </extender>
        </extendee>
      </ExtendedPropertiesCollection>
      <SystemDataType guid="ccc0f01d-7ba5-408e-8526-a3f942354b3a">
        <TextDataType>
          <Length>256</Length>
        </TextDataType>
      </SystemDataType>
    </property>
  </properties>
</entity>