<?xml version="1.0"?>
<method xmlns:xsi="http://www.w3.org/2001/XMLSchema-instance" xmlns:xsd="http://www.w3.org/2001/XMLSchema" id="e2ee6aa8-f26b-4a19-b3b1-25680990702c" lastModifiedUtc="2012-05-04T14:46:41.7788907Z" name="OnAfterDelete" methodType="CrudEvent" actionType="None" returnMode="None">
  <extendedMetaData />
  <ExtendedPropertiesCollection>
    <extendee type="Sage.Platform.Orm.Entities.OrmEntityMethod" />
  </ExtendedPropertiesCollection>
  <parameter />
  <preExecuteTargets />
  <methodTargets />
  <postExecuteTargets />
  <postFlushTargets />
</method>