<?xml version="1.0"?>
<method xmlns:xsi="http://www.w3.org/2001/XMLSchema-instance" xmlns:xsd="http://www.w3.org/2001/XMLSchema" id="0be11cf6-a1fa-4e21-84e5-0e014d0dca4c" lastModifiedUtc="2012-05-04T14:46:41.8101407Z" name="OnCreate" methodType="CrudEvent" actionType="None" returnMode="None">
  <extendedMetaData />
  <ExtendedPropertiesCollection>
    <extendee type="Sage.Platform.Orm.Entities.OrmEntityMethod" />
  </ExtendedPropertiesCollection>
  <parameter />
  <preExecuteTargets />
  <methodTargets />
  <postExecuteTargets />
  <postFlushTargets />
</method>