<?xml version="1.0"?>
<QuickForm xmlns:xsi="http://www.w3.org/2001/XMLSchema-instance" xmlns:xsd="http://www.w3.org/2001/XMLSchema" id="449f18da-67f6-4f4a-a006-71b81a42d11b" DefinitionType="Sage.Platform.QuickForms.QuickFormMainDetailViewDefinition, Sage.Platform.QuickForms">
  <ActiveControl />
  <ImagePath />
  <LoadActions />
  <Name>ForecastSnapshots</Name>
  <ClientScriptIncludes />
  <ClientResourceKeys />
  <ExtendedProperties />
  <HelpFile />
  <ReadOnly>false</ReadOnly>
  <GeneratePrintView>false</GeneratePrintView>
  <Controls>
    <Control typeName="Sage.SalesLogix.QuickForms.QFControls.QFDataGrid, Sage.SalesLogix.QuickForms.QFControls">
      <QFDataGrid>
        <Column>0</Column>
        <Row>0</Row>
        <HotKey>0</HotKey>
        <TabIndex>0</TabIndex>
        <ControlId>grdForecastSnapshots</ControlId>
        <DataBindings />
        <ControlLabelPlacement>none</ControlLabelPlacement>
        <ExtendedProperties />
        <CaptionAlignment>left</CaptionAlignment>
        <StyleScheme />
        <DataSource>dsForecastSnapshots</DataSource>
        <EnablePaging>true</EnablePaging>
        <EnableSorting>true</EnableSorting>
        <PageSize>10</PageSize>
        <Columns>
          <QFDataGridCol>
            <StyleScheme />
            <DataField>Description</DataField>
            <ColumnId>07bd51f9-13f8-48f5-b627-57cf4a50e3f1</ColumnId>
            <HorizontalAlignment>left</HorizontalAlignment>
            <HeaderAlignment>left</HeaderAlignment>
            <SortDirection>None</SortDirection>
            <IsSortable>true</IsSortable>
            <SortField>Description</SortField>
            <MultiCurrencyDependent>false</MultiCurrencyDependent>
          </QFDataGridCol>
          <QFDateTimePickerCol>
            <StyleScheme />
            <DataField>SnapshotDate</DataField>
            <ColumnId>d50ab7c2-73fc-49fa-8f22-818b8359ec23</ColumnId>
            <HorizontalAlignment>left</HorizontalAlignment>
            <HeaderAlignment>left</HeaderAlignment>
            <SortDirection>Descending</SortDirection>
            <IsSortable>true</IsSortable>
            <SortField>SnapshotDate</SortField>
            <MultiCurrencyDependent>false</MultiCurrencyDependent>
            <DateOnly>true</DateOnly>
            <Timeless>false</Timeless>
          </QFDateTimePickerCol>
          <QFSLXCurrencyCol>
            <StyleScheme />
            <DataField>ForecastAmount</DataField>
            <ColumnId>3c2b6174-4a8c-4a4a-a13e-c9570a960194</ColumnId>
            <HorizontalAlignment>left</HorizontalAlignment>
            <HeaderAlignment>left</HeaderAlignment>
            <SortDirection>None</SortDirection>
            <IsSortable>true</IsSortable>
            <SortField>ForecastAmount</SortField>
            <MultiCurrencyDependent>false</MultiCurrencyDependent>
            <CurrentCode />
            <ExchangeRateType>BaseRate</ExchangeRateType>
            <ExchangeRate />
            <DecimalDigits>0</DecimalDigits>
          </QFSLXCurrencyCol>
          <QFSLXCurrencyCol>
            <StyleScheme />
            <DataField>ClosedWonAmt</DataField>
            <ColumnId>adfc7258-15ed-42aa-80d6-6a348d227367</ColumnId>
            <HorizontalAlignment>left</HorizontalAlignment>
            <HeaderAlignment>left</HeaderAlignment>
            <SortDirection>None</SortDirection>
            <IsSortable>true</IsSortable>
            <SortField>ClosedWonAmt</SortField>
            <MultiCurrencyDependent>false</MultiCurrencyDependent>
            <CurrentCode />
            <ExchangeRateType>BaseRate</ExchangeRateType>
            <ExchangeRate />
            <DecimalDigits>0</DecimalDigits>
          </QFSLXCurrencyCol>
          <QFSLXCurrencyCol>
            <StyleScheme />
            <DataField>QuotaAmt</DataField>
            <ColumnId>8edca167-0bae-4169-a5a4-5256b6a0d82d</ColumnId>
            <HorizontalAlignment>left</HorizontalAlignment>
            <HeaderAlignment>left</HeaderAlignment>
            <SortDirection>None</SortDirection>
            <IsSortable>true</IsSortable>
            <SortField>QuotaAmt</SortField>
            <MultiCurrencyDependent>false</MultiCurrencyDependent>
            <CurrentCode />
            <ExchangeRateType>BaseRate</ExchangeRateType>
            <ExchangeRate />
            <DecimalDigits>0</DecimalDigits>
          </QFSLXCurrencyCol>
        </Columns>
        <RenderVertical>false</RenderVertical>
        <OnRowSelectedAction>
          <ResourceKey>grdForecastSnapshots</ResourceKey>
          <Action typeName="Sage.Platform.QuickForms.ActionItems.NoActionActionItem, Sage.Platform.QuickForms">
            <NoActionActionItem>
              <MethodName />
            </NoActionActionItem>
          </Action>
          <IsDialogCloseAction>False</IsDialogCloseAction>
          <RunOnEveryRePaint>False</RunOnEveryRePaint>
          <DialogActionResult>NoResult</DialogActionResult>
          <PerformsUpdate>False</PerformsUpdate>
          <AppliedSecurity />
          <RefreshData>False</RefreshData>
        </OnRowSelectedAction>
      </QFDataGrid>
    </Control>
    <Control typeName="Sage.Platform.QuickForms.QFControls.QFDataSource, Sage.Platform.QuickForms.QFControls">
      <QFDataSource>
        <Column>0</Column>
        <Row>1</Row>
        <Visible>false</Visible>
        <HotKey>48</HotKey>
        <TabIndex>0</TabIndex>
        <ControlId>dsForecastSnapshots</ControlId>
        <DataBindings />
        <ControlLabelPlacement>none</ControlLabelPlacement>
        <ExtendedProperties />
        <CaptionAlignment>left</CaptionAlignment>
        <StyleScheme />
        <EntityTypeName>ForecastSnapshot</EntityTypeName>
        <GetByMethod />
        <GetByProperty>ForecastSnapshots</GetByProperty>
        <UseSmartSelection>true</UseSmartSelection>
        <DataOptional>false</DataOptional>
      </QFDataSource>
    </Control>
  </Controls>
  <ToolControls>
    <Control typeName="Sage.Platform.QuickForms.Controls.QFElementSpacer, Sage.Platform.QuickForms">
      <QFElementSpacer>
        <Column>0</Column>
        <Row>0</Row>
        <HotKey>0</HotKey>
        <TabIndex>0</TabIndex>
        <ControlId>c890b2ad15eb47e99bc15469283ae727</ControlId>
        <DataBindings />
        <ControlLabelPlacement>left</ControlLabelPlacement>
        <ExtendedProperties />
        <CaptionAlignment>left</CaptionAlignment>
        <StyleScheme />
      </QFElementSpacer>
    </Control>
    <Control typeName="Sage.Platform.QuickForms.Controls.QFElementSpacer, Sage.Platform.QuickForms">
      <QFElementSpacer>
        <Column>0</Column>
        <Row>0</Row>
        <HotKey>0</HotKey>
        <TabIndex>0</TabIndex>
        <ControlId>fed04cf8f98348deb1f22fa08a2dc6ff</ControlId>
        <DataBindings />
        <ControlLabelPlacement>left</ControlLabelPlacement>
        <ExtendedProperties />
        <CaptionAlignment>left</CaptionAlignment>
        <StyleScheme />
      </QFElementSpacer>
    </Control>
  </ToolControls>
  <Columns>
    <ColumnStyle>
      <SizeType>Percent</SizeType>
      <Width>100</Width>
    </ColumnStyle>
  </Columns>
  <Rows>
    <RowStyle>
      <SizeType>Absolute</SizeType>
      <Height>100</Height>
    </RowStyle>
  </Rows>
  <Description />
  <UseEntityNameAsTitle>true</UseEntityNameAsTitle>
  <EntityTypeName>IForecast</EntityTypeName>
  <DefaultNamespace>Sage.Entity.Interfaces</DefaultNamespace>
  <AssemblyName>Sage.Entity.Interfaces</AssemblyName>
</QuickForm>