<?xml version="1.0"?>
<QuickForm xmlns:xsi="http://www.w3.org/2001/XMLSchema-instance" xmlns:xsd="http://www.w3.org/2001/XMLSchema" id="ff050249-8e31-4419-a73a-7afb89a7089f" DefinitionType="Sage.Platform.QuickForms.QuickFormMainDetailViewDefinition, Sage.Platform.QuickForms">
  <ActiveControl />
  <ImagePath />
  <LoadActions>
    <FormActionDefinition>
      <ResourceKey>45a7d170-4c1f-454c-9b0d-d6b29d8abeec</ResourceKey>
      <Action typeName="Sage.Platform.QuickForms.ActionItems.CSharpSnippetActionItem, Sage.Platform.QuickForms">
        <CSharpSnippetActionItem>
          <MethodName>quickformload0</MethodName>
          <CSharpCodeSnippet>	Sage.Entity.Interfaces.IForecast forecast = this.BindingSource.Current as Sage.Entity.Interfaces.IForecast;
    System.Globalization.NumberFormatInfo nfi = new System.Globalization.CultureInfo("en-US", false).NumberFormat;
	
	// Format the Period Header
	this.lblPeriod.Text = String.Format("{0} - {1}", forecast.BeginDate.Value.Date.ToString("MM/dd/yy", System.Globalization.CultureInfo.InvariantCulture), forecast.EndDate.Value.Date.ToString("MM/dd/yy", System.Globalization.CultureInfo.InvariantCulture));
		
	// Set the Quota for each month
	this.curQuotaPeriod.Text = forecast.PeriodQuotaAmt().ToString();
	
	// Set the Closed-Won from opps each month
	this.curCWPeriod.Text = forecast.PeriodClosedWonAmt().ToString();
	
	// Set the percentages
    double perOfQuota = forecast.PercentOfQuota();

	this.perPeriod.Text = "-";
    if (perOfQuota &gt; 0)
    {
        this.perPeriod.Text = String.Format("{0}%", forecast.PercentOfQuota());
    }
	
	// Set the Pipeline totals for min, avg, max
	this.curPipelinePeriodMin.Text = forecast.PeriodPipelineAmt("min").ToString();
	this.curPipelinePeriodAvg.Text = forecast.PeriodPipelineAmt("avg").ToString();
	this.curPipelinePeriodMax.Text = forecast.PeriodPipelineAmt("max").ToString();
	
	// Set the Totals for min, avg, max
	this.curAmountMin.Text = (Convert.ToDouble(this.curCWPeriod.Text) + Convert.ToDouble(this.curPipelinePeriodMin.Text)).ToString();
    this.curAmountMax.Text = (Convert.ToDouble(this.curCWPeriod.Text) + Convert.ToDouble(this.curPipelinePeriodMax.Text)).ToString();
    this.curAmountAvg.Text = (((Convert.ToDouble(this.curCWPeriod.Text) * 2)
		+ (Convert.ToDouble(this.curPipelinePeriodMin.Text))
		+ (Convert.ToDouble(this.curPipelinePeriodMax.Text))) / 2).ToString();
</CSharpCodeSnippet>
        </CSharpSnippetActionItem>
      </Action>
      <IsDialogCloseAction>False</IsDialogCloseAction>
      <RunOnEveryRePaint>False</RunOnEveryRePaint>
      <DialogActionResult>NoResult</DialogActionResult>
      <PerformsUpdate>False</PerformsUpdate>
      <AppliedSecurity />
      <RefreshData>False</RefreshData>
    </FormActionDefinition>
  </LoadActions>
  <Name>ForecastWorksheet</Name>
  <ClientScriptIncludes />
  <ClientResourceKeys />
  <ExtendedProperties />
  <HelpFile />
  <ReadOnly>false</ReadOnly>
  <GeneratePrintView>false</GeneratePrintView>
  <Controls>
    <Control typeName="Sage.Platform.QuickForms.Controls.QFTextBox, Sage.Platform.QuickForms">
      <QFTextBox>
        <ColumnSpan>3</ColumnSpan>
        <Column>0</Column>
        <Row>0</Row>
        <IsReadOnly>true</IsReadOnly>
        <HotKey>0</HotKey>
        <TabIndex>0</TabIndex>
        <ControlId>lblPeriod</ControlId>
        <DataBindings />
        <ControlLabelPlacement>none</ControlLabelPlacement>
        <ExtendedProperties />
        <CaptionAlignment>left</CaptionAlignment>
        <StyleScheme>center</StyleScheme>
        <OnChangeAction>
          <ResourceKey>lblPeriod</ResourceKey>
          <Action typeName="Sage.Platform.QuickForms.ActionItems.NoActionActionItem, Sage.Platform.QuickForms">
            <NoActionActionItem>
              <MethodName />
            </NoActionActionItem>
          </Action>
          <IsDialogCloseAction>False</IsDialogCloseAction>
          <RunOnEveryRePaint>False</RunOnEveryRePaint>
          <DialogActionResult>NoResult</DialogActionResult>
          <PerformsUpdate>False</PerformsUpdate>
          <AppliedSecurity />
          <RefreshData>False</RefreshData>
        </OnChangeAction>
        <Required>false</Required>
      </QFTextBox>
    </Control>
    <Control typeName="Sage.SalesLogix.QuickForms.QFControls.QFSLXCurrency, Sage.SalesLogix.QuickForms.QFControls">
      <QFSLXCurrency>
        <Column>0</Column>
        <Row>1</Row>
        <IsReadOnly>true</IsReadOnly>
        <HotKey>0</HotKey>
        <TabIndex>0</TabIndex>
        <ControlId>curQuotaPeriod</ControlId>
        <DataBindings />
        <ControlLabelPlacement>left</ControlLabelPlacement>
        <ExtendedProperties />
        <CaptionAlignment>left</CaptionAlignment>
        <StyleScheme>currency</StyleScheme>
        <OnChangeAction>
          <ResourceKey>curQuotaPeriod</ResourceKey>
          <Action typeName="Sage.Platform.QuickForms.ActionItems.NoActionActionItem, Sage.Platform.QuickForms">
            <NoActionActionItem>
              <MethodName />
            </NoActionActionItem>
          </Action>
          <IsDialogCloseAction>False</IsDialogCloseAction>
          <RunOnEveryRePaint>False</RunOnEveryRePaint>
          <DialogActionResult>NoResult</DialogActionResult>
          <PerformsUpdate>False</PerformsUpdate>
          <AppliedSecurity />
          <RefreshData>False</RefreshData>
        </OnChangeAction>
        <Required>false</Required>
        <CurrentCode />
        <ExchangeRate>1</ExchangeRate>
        <ExchangeRateType>BaseRate</ExchangeRateType>
        <DecimalDigits>-1</DecimalDigits>
      </QFSLXCurrency>
    </Control>
    <Control typeName="Sage.SalesLogix.QuickForms.QFControls.QFSLXCurrency, Sage.SalesLogix.QuickForms.QFControls">
      <QFSLXCurrency>
        <Column>0</Column>
        <Row>2</Row>
        <IsReadOnly>true</IsReadOnly>
        <HotKey>0</HotKey>
        <TabIndex>0</TabIndex>
        <ControlId>curCWPeriod</ControlId>
        <DataBindings />
        <ControlLabelPlacement>left</ControlLabelPlacement>
        <ExtendedProperties />
        <CaptionAlignment>left</CaptionAlignment>
        <StyleScheme>currency</StyleScheme>
        <OnChangeAction>
          <ResourceKey>curCWPeriod</ResourceKey>
          <Action typeName="Sage.Platform.QuickForms.ActionItems.NoActionActionItem, Sage.Platform.QuickForms">
            <NoActionActionItem>
              <MethodName />
            </NoActionActionItem>
          </Action>
          <IsDialogCloseAction>False</IsDialogCloseAction>
          <RunOnEveryRePaint>False</RunOnEveryRePaint>
          <DialogActionResult>NoResult</DialogActionResult>
          <PerformsUpdate>False</PerformsUpdate>
          <AppliedSecurity />
          <RefreshData>False</RefreshData>
        </OnChangeAction>
        <Required>false</Required>
        <CurrentCode />
        <ExchangeRate>1</ExchangeRate>
        <ExchangeRateType>BaseRate</ExchangeRateType>
        <DecimalDigits>-1</DecimalDigits>
      </QFSLXCurrency>
    </Control>
    <Control typeName="Sage.SalesLogix.QuickForms.QFControls.QFSLXNumeric, Sage.SalesLogix.QuickForms.QFControls">
      <QFSLXNumeric>
        <Column>0</Column>
        <Row>3</Row>
        <IsReadOnly>true</IsReadOnly>
        <HotKey>0</HotKey>
        <TabIndex>0</TabIndex>
        <ControlId>perPeriod</ControlId>
        <DataBindings />
        <ControlLabelPlacement>left</ControlLabelPlacement>
        <ExtendedProperties />
        <CaptionAlignment>left</CaptionAlignment>
        <StyleScheme>percent</StyleScheme>
        <OnChangeAction>
          <ResourceKey>perPeriod</ResourceKey>
          <Action typeName="Sage.Platform.QuickForms.ActionItems.NoActionActionItem, Sage.Platform.QuickForms">
            <NoActionActionItem>
              <MethodName />
            </NoActionActionItem>
          </Action>
          <IsDialogCloseAction>False</IsDialogCloseAction>
          <RunOnEveryRePaint>False</RunOnEveryRePaint>
          <DialogActionResult>NoResult</DialogActionResult>
          <PerformsUpdate>False</PerformsUpdate>
          <AppliedSecurity />
          <RefreshData>False</RefreshData>
        </OnChangeAction>
        <Required>false</Required>
        <DecimalDigits>
          <Strict>false</Strict>
        </DecimalDigits>
        <FormatType>Percent</FormatType>
      </QFSLXNumeric>
    </Control>
    <Control typeName="Sage.Platform.QuickForms.QFControls.QFHorizontalSeparator, Sage.Platform.QuickForms.QFControls">
      <QFHorizontalSeparator>
        <Column>0</Column>
        <Row>4</Row>
        <HotKey>48</HotKey>
        <TabIndex>0</TabIndex>
        <ControlId>QFHorizontalSeparator</ControlId>
        <DataBindings />
        <ControlLabelPlacement>none</ControlLabelPlacement>
        <ExtendedProperties />
        <CaptionAlignment>left</CaptionAlignment>
        <StyleScheme />
        <DisplayAsTitleBar>false</DisplayAsTitleBar>
      </QFHorizontalSeparator>
    </Control>
    <Control typeName="Sage.Platform.QuickForms.QFControls.QFLabel, Sage.Platform.QuickForms.QFControls">
      <QFLabel>
        <Column>0</Column>
        <Row>5</Row>
        <HotKey>0</HotKey>
        <TabIndex>0</TabIndex>
        <ControlId>hdrPotential</ControlId>
        <DataBindings />
        <ControlLabelPlacement>left</ControlLabelPlacement>
        <ExtendedProperties />
        <CaptionAlignment>center</CaptionAlignment>
        <StyleScheme />
        <AssociatedControlID />
      </QFLabel>
    </Control>
    <Control typeName="Sage.SalesLogix.QuickForms.QFControls.QFSLXCurrency, Sage.SalesLogix.QuickForms.QFControls">
      <QFSLXCurrency>
        <Column>0</Column>
        <Row>6</Row>
        <IsReadOnly>true</IsReadOnly>
        <HotKey>0</HotKey>
        <TabIndex>0</TabIndex>
        <ControlId>curPipelinePeriodMin</ControlId>
        <DataBindings />
        <ControlLabelPlacement>left</ControlLabelPlacement>
        <ExtendedProperties />
        <CaptionAlignment>left</CaptionAlignment>
        <StyleScheme>currency</StyleScheme>
        <OnChangeAction>
          <ResourceKey>curPipelinePeriodMin</ResourceKey>
          <Action typeName="Sage.Platform.QuickForms.ActionItems.NoActionActionItem, Sage.Platform.QuickForms">
            <NoActionActionItem>
              <MethodName />
            </NoActionActionItem>
          </Action>
          <IsDialogCloseAction>False</IsDialogCloseAction>
          <RunOnEveryRePaint>False</RunOnEveryRePaint>
          <DialogActionResult>NoResult</DialogActionResult>
          <PerformsUpdate>False</PerformsUpdate>
          <AppliedSecurity />
          <RefreshData>False</RefreshData>
        </OnChangeAction>
        <Required>false</Required>
        <CurrentCode />
        <ExchangeRate>1</ExchangeRate>
        <ExchangeRateType>BaseRate</ExchangeRateType>
        <DecimalDigits>-1</DecimalDigits>
      </QFSLXCurrency>
    </Control>
    <Control typeName="Sage.SalesLogix.QuickForms.QFControls.QFSLXCurrency, Sage.SalesLogix.QuickForms.QFControls">
      <QFSLXCurrency>
        <Column>0</Column>
        <Row>7</Row>
        <IsReadOnly>true</IsReadOnly>
        <HotKey>0</HotKey>
        <TabIndex>0</TabIndex>
        <ControlId>curPipelinePeriodAvg</ControlId>
        <DataBindings />
        <ControlLabelPlacement>left</ControlLabelPlacement>
        <ExtendedProperties />
        <CaptionAlignment>left</CaptionAlignment>
        <StyleScheme>currency</StyleScheme>
        <OnChangeAction>
          <ResourceKey>curPipelinePeriodAvg</ResourceKey>
          <Action typeName="Sage.Platform.QuickForms.ActionItems.NoActionActionItem, Sage.Platform.QuickForms">
            <NoActionActionItem>
              <MethodName />
            </NoActionActionItem>
          </Action>
          <IsDialogCloseAction>False</IsDialogCloseAction>
          <RunOnEveryRePaint>False</RunOnEveryRePaint>
          <DialogActionResult>NoResult</DialogActionResult>
          <PerformsUpdate>False</PerformsUpdate>
          <AppliedSecurity />
          <RefreshData>False</RefreshData>
        </OnChangeAction>
        <Required>false</Required>
        <CurrentCode />
        <ExchangeRate>1</ExchangeRate>
        <ExchangeRateType>BaseRate</ExchangeRateType>
        <DecimalDigits>-1</DecimalDigits>
      </QFSLXCurrency>
    </Control>
    <Control typeName="Sage.SalesLogix.QuickForms.QFControls.QFSLXCurrency, Sage.SalesLogix.QuickForms.QFControls">
      <QFSLXCurrency>
        <Column>0</Column>
        <Row>8</Row>
        <IsReadOnly>true</IsReadOnly>
        <HotKey>0</HotKey>
        <TabIndex>0</TabIndex>
        <ControlId>curPipelinePeriodMax</ControlId>
        <DataBindings />
        <ControlLabelPlacement>left</ControlLabelPlacement>
        <ExtendedProperties />
        <CaptionAlignment>left</CaptionAlignment>
        <StyleScheme>currency</StyleScheme>
        <OnChangeAction>
          <ResourceKey>curPipelinePeriodMax</ResourceKey>
          <Action typeName="Sage.Platform.QuickForms.ActionItems.NoActionActionItem, Sage.Platform.QuickForms">
            <NoActionActionItem>
              <MethodName />
            </NoActionActionItem>
          </Action>
          <IsDialogCloseAction>False</IsDialogCloseAction>
          <RunOnEveryRePaint>False</RunOnEveryRePaint>
          <DialogActionResult>NoResult</DialogActionResult>
          <PerformsUpdate>False</PerformsUpdate>
          <AppliedSecurity />
          <RefreshData>False</RefreshData>
        </OnChangeAction>
        <Required>false</Required>
        <CurrentCode />
        <ExchangeRate>1</ExchangeRate>
        <ExchangeRateType>BaseRate</ExchangeRateType>
        <DecimalDigits>-1</DecimalDigits>
      </QFSLXCurrency>
    </Control>
    <Control typeName="Sage.Platform.QuickForms.QFControls.QFLabel, Sage.Platform.QuickForms.QFControls">
      <QFLabel>
        <Column>2</Column>
        <Row>5</Row>
        <HotKey>0</HotKey>
        <TabIndex>0</TabIndex>
        <ControlId>hdrTotalPotential</ControlId>
        <DataBindings />
        <ControlLabelPlacement>left</ControlLabelPlacement>
        <ExtendedProperties />
        <CaptionAlignment>center</CaptionAlignment>
        <StyleScheme />
        <AssociatedControlID />
      </QFLabel>
    </Control>
    <Control typeName="Sage.Platform.QuickForms.QFControls.QFControlsList, Sage.Platform.QuickForms.QFControls">
      <QFControlsList>
        <Column>2</Column>
        <Row>6</Row>
        <HotKey>0</HotKey>
        <TabIndex>0</TabIndex>
        <ControlId>ctlAmtMin</ControlId>
        <DataBindings />
        <ControlLabelPlacement>left</ControlLabelPlacement>
        <ExtendedProperties />
        <CaptionAlignment>left</CaptionAlignment>
        <StyleScheme />
        <Caption />
        <Controls>
          <ControlsCollection>
            <Control TypeName="Sage.SalesLogix.QuickForms.QFControls.QFSLXCurrency, Sage.SalesLogix.QuickForms.QFControls">
              <QFSLXCurrency>
                <Column>0</Column>
                <Row>0</Row>
                <IsReadOnly>true</IsReadOnly>
                <HotKey>0</HotKey>
                <TabIndex>0</TabIndex>
                <ControlId>curAmountMin</ControlId>
                <DataBindings />
                <ControlLabelPlacement>left</ControlLabelPlacement>
                <ExtendedProperties />
                <CaptionAlignment>left</CaptionAlignment>
                <StyleScheme>currency</StyleScheme>
                <OnChangeAction>
                  <ResourceKey>curAmountMin</ResourceKey>
                  <Action typeName="Sage.Platform.QuickForms.ActionItems.NoActionActionItem, Sage.Platform.QuickForms">
                    <NoActionActionItem>
                      <MethodName />
                    </NoActionActionItem>
                  </Action>
                  <IsDialogCloseAction>False</IsDialogCloseAction>
                  <RunOnEveryRePaint>False</RunOnEveryRePaint>
                  <DialogActionResult>NoResult</DialogActionResult>
                  <PerformsUpdate>False</PerformsUpdate>
                  <AppliedSecurity />
                  <RefreshData>False</RefreshData>
                </OnChangeAction>
                <Required>false</Required>
                <CurrentCode />
                <ExchangeRate>1</ExchangeRate>
                <ExchangeRateType>BaseRate</ExchangeRateType>
                <DecimalDigits>-1</DecimalDigits>
              </QFSLXCurrency>
            </Control>
            <Control TypeName="Sage.Platform.QuickForms.Controls.QFButton, Sage.Platform.QuickForms">
              <QFButton>
                <Column>0</Column>
                <Row>0</Row>
                <HotKey>0</HotKey>
                <TabIndex>0</TabIndex>
                <ControlId>cmdSetMin</ControlId>
                <DataBindings />
                <ControlLabelPlacement>none</ControlLabelPlacement>
                <ExtendedProperties />
                <CaptionAlignment>left</CaptionAlignment>
                <StyleScheme />
                <ButtonType>Icon</ButtonType>
                <Image>[Localization!Global_Images:Up_16x16]</Image>
                <OnClientClick />
                <OnClickAction>
                  <ResourceKey>cmdSetMin</ResourceKey>
                  <Action typeName="Sage.Platform.QuickForms.ActionItems.CSharpSnippetActionItem, Sage.Platform.QuickForms">
                    <CSharpSnippetActionItem>
                      <MethodName>cmdSetMin_ClickAction</MethodName>
                      <CSharpCodeSnippet>	Sage.Entity.Interfaces.IForecast forecast = (Sage.Entity.Interfaces.IForecast) this.BindingSource.Current;
	forecast.Amount = Convert.ToDecimal(this.curAmountMin.Text);
    this.Refresh();	</CSharpCodeSnippet>
                    </CSharpSnippetActionItem>
                  </Action>
                  <IsDialogCloseAction>False</IsDialogCloseAction>
                  <RunOnEveryRePaint>False</RunOnEveryRePaint>
                  <DialogActionResult>NoResult</DialogActionResult>
                  <PerformsUpdate>False</PerformsUpdate>
                  <AppliedSecurity />
                  <RefreshData>False</RefreshData>
                </OnClickAction>
              </QFButton>
            </Control>
          </ControlsCollection>
        </Controls>
      </QFControlsList>
    </Control>
    <Control typeName="Sage.Platform.QuickForms.QFControls.QFControlsList, Sage.Platform.QuickForms.QFControls">
      <QFControlsList>
        <Column>2</Column>
        <Row>7</Row>
        <HotKey>0</HotKey>
        <TabIndex>0</TabIndex>
        <ControlId>ctlAmtAvg</ControlId>
        <DataBindings />
        <ControlLabelPlacement>left</ControlLabelPlacement>
        <ExtendedProperties />
        <CaptionAlignment>left</CaptionAlignment>
        <StyleScheme />
        <Caption />
        <Controls>
          <ControlsCollection>
            <Control TypeName="Sage.SalesLogix.QuickForms.QFControls.QFSLXCurrency, Sage.SalesLogix.QuickForms.QFControls">
              <QFSLXCurrency>
                <Column>0</Column>
                <Row>0</Row>
                <IsReadOnly>true</IsReadOnly>
                <HotKey>0</HotKey>
                <TabIndex>0</TabIndex>
                <ControlId>curAmountAvg</ControlId>
                <DataBindings />
                <ControlLabelPlacement>left</ControlLabelPlacement>
                <ExtendedProperties />
                <CaptionAlignment>left</CaptionAlignment>
                <StyleScheme>currency</StyleScheme>
                <OnChangeAction>
                  <ResourceKey>curAmountAvg</ResourceKey>
                  <Action typeName="Sage.Platform.QuickForms.ActionItems.NoActionActionItem, Sage.Platform.QuickForms">
                    <NoActionActionItem>
                      <MethodName />
                    </NoActionActionItem>
                  </Action>
                  <IsDialogCloseAction>False</IsDialogCloseAction>
                  <RunOnEveryRePaint>False</RunOnEveryRePaint>
                  <DialogActionResult>NoResult</DialogActionResult>
                  <PerformsUpdate>False</PerformsUpdate>
                  <AppliedSecurity />
                  <RefreshData>False</RefreshData>
                </OnChangeAction>
                <Required>false</Required>
                <CurrentCode />
                <ExchangeRate>1</ExchangeRate>
                <ExchangeRateType>BaseRate</ExchangeRateType>
                <DecimalDigits>-1</DecimalDigits>
              </QFSLXCurrency>
            </Control>
            <Control TypeName="Sage.Platform.QuickForms.Controls.QFButton, Sage.Platform.QuickForms">
              <QFButton>
                <Column>0</Column>
                <Row>0</Row>
                <HotKey>0</HotKey>
                <TabIndex>0</TabIndex>
                <ControlId>cmdSetAvg</ControlId>
                <DataBindings />
                <ControlLabelPlacement>none</ControlLabelPlacement>
                <ExtendedProperties />
                <CaptionAlignment>left</CaptionAlignment>
                <StyleScheme />
                <ButtonType>Icon</ButtonType>
                <Image>[Localization!Global_Images:Up_16x16]</Image>
                <OnClientClick />
                <OnClickAction>
                  <ResourceKey>cmdSetAvg</ResourceKey>
                  <Action typeName="Sage.Platform.QuickForms.ActionItems.CSharpSnippetActionItem, Sage.Platform.QuickForms">
                    <CSharpSnippetActionItem>
                      <MethodName>cmdSetAvg_ClickAction</MethodName>
                      <CSharpCodeSnippet>	Sage.Entity.Interfaces.IForecast forecast = (Sage.Entity.Interfaces.IForecast) this.BindingSource.Current;
	forecast.Amount = Convert.ToDecimal(this.curAmountAvg.Text);
    this.Refresh();	</CSharpCodeSnippet>
                    </CSharpSnippetActionItem>
                  </Action>
                  <IsDialogCloseAction>False</IsDialogCloseAction>
                  <RunOnEveryRePaint>False</RunOnEveryRePaint>
                  <DialogActionResult>NoResult</DialogActionResult>
                  <PerformsUpdate>False</PerformsUpdate>
                  <AppliedSecurity />
                  <RefreshData>False</RefreshData>
                </OnClickAction>
              </QFButton>
            </Control>
          </ControlsCollection>
        </Controls>
      </QFControlsList>
    </Control>
    <Control typeName="Sage.Platform.QuickForms.QFControls.QFControlsList, Sage.Platform.QuickForms.QFControls">
      <QFControlsList>
        <Column>2</Column>
        <Row>8</Row>
        <HotKey>0</HotKey>
        <TabIndex>0</TabIndex>
        <ControlId>ctlAmtMax</ControlId>
        <DataBindings />
        <ControlLabelPlacement>left</ControlLabelPlacement>
        <ExtendedProperties />
        <CaptionAlignment>left</CaptionAlignment>
        <StyleScheme />
        <Caption />
        <Controls>
          <ControlsCollection>
            <Control TypeName="Sage.SalesLogix.QuickForms.QFControls.QFSLXCurrency, Sage.SalesLogix.QuickForms.QFControls">
              <QFSLXCurrency>
                <Column>0</Column>
                <Row>0</Row>
                <IsReadOnly>true</IsReadOnly>
                <HotKey>0</HotKey>
                <TabIndex>0</TabIndex>
                <ControlId>curAmountMax</ControlId>
                <DataBindings />
                <ControlLabelPlacement>left</ControlLabelPlacement>
                <ExtendedProperties />
                <CaptionAlignment>left</CaptionAlignment>
                <StyleScheme>currency</StyleScheme>
                <OnChangeAction>
                  <ResourceKey>curAmountMax</ResourceKey>
                  <Action typeName="Sage.Platform.QuickForms.ActionItems.NoActionActionItem, Sage.Platform.QuickForms">
                    <NoActionActionItem>
                      <MethodName />
                    </NoActionActionItem>
                  </Action>
                  <IsDialogCloseAction>False</IsDialogCloseAction>
                  <RunOnEveryRePaint>False</RunOnEveryRePaint>
                  <DialogActionResult>NoResult</DialogActionResult>
                  <PerformsUpdate>False</PerformsUpdate>
                  <AppliedSecurity />
                  <RefreshData>False</RefreshData>
                </OnChangeAction>
                <Required>false</Required>
                <CurrentCode />
                <ExchangeRate>1</ExchangeRate>
                <ExchangeRateType>BaseRate</ExchangeRateType>
                <DecimalDigits>-1</DecimalDigits>
              </QFSLXCurrency>
            </Control>
            <Control TypeName="Sage.Platform.QuickForms.Controls.QFButton, Sage.Platform.QuickForms">
              <QFButton>
                <Column>0</Column>
                <Row>0</Row>
                <HotKey>0</HotKey>
                <TabIndex>0</TabIndex>
                <ControlId>cmdSetMax</ControlId>
                <DataBindings />
                <ControlLabelPlacement>none</ControlLabelPlacement>
                <ExtendedProperties />
                <CaptionAlignment>left</CaptionAlignment>
                <StyleScheme />
                <ButtonType>Icon</ButtonType>
                <Image>[Localization!Global_Images:Up_16x16]</Image>
                <OnClientClick />
                <OnClickAction>
                  <ResourceKey>cmdSetMax</ResourceKey>
                  <Action typeName="Sage.Platform.QuickForms.ActionItems.CSharpSnippetActionItem, Sage.Platform.QuickForms">
                    <CSharpSnippetActionItem>
                      <MethodName>cmdSetMax_ClickAction</MethodName>
                      <CSharpCodeSnippet>	Sage.Entity.Interfaces.IForecast forecast = (Sage.Entity.Interfaces.IForecast) this.BindingSource.Current;
	forecast.Amount = Convert.ToDecimal(this.curAmountMax.Text);
    this.Refresh();	</CSharpCodeSnippet>
                    </CSharpSnippetActionItem>
                  </Action>
                  <IsDialogCloseAction>False</IsDialogCloseAction>
                  <RunOnEveryRePaint>False</RunOnEveryRePaint>
                  <DialogActionResult>NoResult</DialogActionResult>
                  <PerformsUpdate>False</PerformsUpdate>
                  <AppliedSecurity />
                  <RefreshData>False</RefreshData>
                </OnClickAction>
              </QFButton>
            </Control>
          </ControlsCollection>
        </Controls>
      </QFControlsList>
    </Control>
  </Controls>
  <ToolControls>
    <Control typeName="Sage.Platform.QuickForms.Controls.QFElementSpacer, Sage.Platform.QuickForms">
      <QFElementSpacer>
        <Column>0</Column>
        <Row>0</Row>
        <HotKey>0</HotKey>
        <TabIndex>0</TabIndex>
        <ControlId>f0144f8321a947d5adc08a4e84f77e4a</ControlId>
        <DataBindings />
        <ControlLabelPlacement>left</ControlLabelPlacement>
        <ExtendedProperties />
        <CaptionAlignment>left</CaptionAlignment>
        <StyleScheme />
      </QFElementSpacer>
    </Control>
    <Control typeName="Sage.Platform.QuickForms.Controls.QFElementSpacer, Sage.Platform.QuickForms">
      <QFElementSpacer>
        <Column>0</Column>
        <Row>0</Row>
        <HotKey>0</HotKey>
        <TabIndex>0</TabIndex>
        <ControlId>dc9070d7e04676bf6a7608975c9782</ControlId>
        <DataBindings />
        <ControlLabelPlacement>left</ControlLabelPlacement>
        <ExtendedProperties />
        <CaptionAlignment>left</CaptionAlignment>
        <StyleScheme />
      </QFElementSpacer>
    </Control>
    <Control typeName="Sage.Platform.QuickForms.Controls.QFButton, Sage.Platform.QuickForms">
      <QFButton>
        <Column>0</Column>
        <Row>0</Row>
        <HotKey>0</HotKey>
        <TabIndex>0</TabIndex>
        <ControlId>cmdRefresh</ControlId>
        <DataBindings />
        <ControlLabelPlacement>none</ControlLabelPlacement>
        <ExtendedProperties />
        <CaptionAlignment>left</CaptionAlignment>
        <StyleScheme />
        <ButtonType>Icon</ButtonType>
        <Image>[Localization!Global_Images:refresh]</Image>
        <OnClientClick />
        <OnClickAction>
          <ResourceKey>cmdRefresh</ResourceKey>
          <Action typeName="Sage.Platform.QuickForms.ActionItems.CSharpSnippetActionItem, Sage.Platform.QuickForms">
            <CSharpSnippetActionItem>
              <MethodName>cmdRefresh_ClickAction</MethodName>
              <CSharpCodeSnippet>quickformload0(this, EventArgs.Empty);
</CSharpCodeSnippet>
            </CSharpSnippetActionItem>
          </Action>
          <IsDialogCloseAction>False</IsDialogCloseAction>
          <RunOnEveryRePaint>False</RunOnEveryRePaint>
          <DialogActionResult>NoResult</DialogActionResult>
          <PerformsUpdate>False</PerformsUpdate>
          <AppliedSecurity />
          <RefreshData>False</RefreshData>
        </OnClickAction>
      </QFButton>
    </Control>
  </ToolControls>
  <Columns>
    <ColumnStyle>
      <SizeType>Percent</SizeType>
      <Width>30</Width>
    </ColumnStyle>
    <ColumnStyle>
      <SizeType>Percent</SizeType>
      <Width>15</Width>
    </ColumnStyle>
    <ColumnStyle>
      <SizeType>Percent</SizeType>
      <Width>30</Width>
    </ColumnStyle>
    <ColumnStyle>
      <SizeType>Percent</SizeType>
      <Width>25</Width>
    </ColumnStyle>
  </Columns>
  <Rows>
    <RowStyle>
      <SizeType>Absolute</SizeType>
      <Height>35</Height>
    </RowStyle>
    <RowStyle>
      <SizeType>Absolute</SizeType>
      <Height>35</Height>
    </RowStyle>
    <RowStyle>
      <SizeType>Absolute</SizeType>
      <Height>35</Height>
    </RowStyle>
    <RowStyle>
      <SizeType>Absolute</SizeType>
      <Height>35</Height>
    </RowStyle>
    <RowStyle>
      <SizeType>Absolute</SizeType>
      <Height>35</Height>
    </RowStyle>
    <RowStyle>
      <SizeType>Absolute</SizeType>
      <Height>35</Height>
    </RowStyle>
    <RowStyle>
      <SizeType>Absolute</SizeType>
      <Height>35</Height>
    </RowStyle>
    <RowStyle>
      <SizeType>Absolute</SizeType>
      <Height>35</Height>
    </RowStyle>
    <RowStyle>
      <SizeType>Absolute</SizeType>
      <Height>35</Height>
    </RowStyle>
  </Rows>
  <Description />
  <UseEntityNameAsTitle>true</UseEntityNameAsTitle>
  <EntityTypeName>IForecast</EntityTypeName>
  <DefaultNamespace>Sage.Entity.Interfaces</DefaultNamespace>
  <AssemblyName>Sage.Entity.Interfaces</AssemblyName>
</QuickForm>