<?xml version="1.0"?>
<QuickForm xmlns:xsi="http://www.w3.org/2001/XMLSchema-instance" xmlns:xsd="http://www.w3.org/2001/XMLSchema" id="b1b16f3a-9ad5-4f2d-afeb-6dda1fc3d824" DefinitionType="Sage.Platform.QuickForms.QuickFormMainDetailViewDefinition, Sage.Platform.QuickForms">
  <ActiveControl />
  <ImagePath />
  <LoadActions>
    <FormActionDefinition>
      <ResourceKey>52b80860-90d5-4f76-8cae-6297c8345ef1</ResourceKey>
      <Action typeName="Sage.Platform.QuickForms.ActionItems.CSharpSnippetActionItem, Sage.Platform.QuickForms">
        <CSharpSnippetActionItem>
          <MethodName>quickformload0</MethodName>
          <CSharpCodeSnippet>	Sage.Entity.Interfaces.IForecast forecast = (Sage.Entity.Interfaces.IForecast) this.BindingSource.Current;
	
	// Place the month names
	this.lblMonth1.Text = forecast.BeginDate.Value.ToString("MMM", System.Globalization.CultureInfo.InvariantCulture);
	this.lblMonth2.Text = forecast.BeginDate.Value.AddMonths(1).ToString("MMM", System.Globalization.CultureInfo.InvariantCulture);
	this.lblMonth3.Text = forecast.EndDate.Value.ToString("MMM", System.Globalization.CultureInfo.InvariantCulture);
		
	// Set the Quota for each month
	this.curQuotaMonth1.Text = forecast.QuotaAmt(1).ToString();
    this.curQuotaMonth2.Text = forecast.QuotaAmt(2).ToString();
    this.curQuotaMonth3.Text = forecast.QuotaAmt(3).ToString();
    this.curQuotaTotal.Text = forecast.QuotaAmt(0).ToString();
	
	// Set the Closed-Won from opps each month
	this.curCWMonth1.Text = forecast.ClosedWonAmt(1).ToString();
	this.curCWMonth2.Text = forecast.ClosedWonAmt(2).ToString();
	this.curCWMonth3.Text = forecast.ClosedWonAmt(3).ToString();
	this.curCWTotal.Text = forecast.ClosedWonAmt(0).ToString();
	
	// Set the percentages
    if ((Convert.ToDouble(this.curCWMonth1.Text) != 0) &amp;&amp; (Convert.ToDouble(this.curQuotaMonth1.Text) != 0))
        this.perMonth1.Text = String.Format("{0}%", Math.Round(((Convert.ToDouble(this.curCWMonth1.Text) / Convert.ToDouble(this.curQuotaMonth1.Text)) * 100), 2).ToString());
    else
        this.perMonth1.Text = "-";
    if ((Convert.ToDouble(this.curCWMonth2.Text) != 0) &amp;&amp; (Convert.ToDouble(this.curQuotaMonth2.Text) != 0))
        this.perMonth2.Text = String.Format("{0}%", Math.Round(((Convert.ToDouble(this.curCWMonth2.Text) / Convert.ToDouble(this.curQuotaMonth2.Text)) * 100), 2).ToString());
    else
        this.perMonth2.Text = "-";
    if ((Convert.ToDouble(this.curCWMonth3.Text) != 0) &amp;&amp; (Convert.ToDouble(this.curQuotaMonth3.Text) != 0))
        this.perMonth3.Text = String.Format("{0}%", Math.Round(((Convert.ToDouble(this.curCWMonth3.Text) / Convert.ToDouble(this.curQuotaMonth3.Text)) * 100), 2).ToString());
    else
        this.perMonth3.Text = "-";
    if ((Convert.ToDouble(this.curCWTotal.Text) != 0) &amp;&amp; (Convert.ToDouble(this.curQuotaTotal.Text) != 0))
        this.perTotal.Text = String.Format("{0}%", Math.Round(((Convert.ToDouble(this.curCWTotal.Text) / Convert.ToDouble(this.curQuotaTotal.Text)) * 100), 2).ToString());
    else
        this.perTotal.Text = "-";
	
	// Set the Pipeline totals for each month
	this.curPipelineMonthMin1.Text = forecast.PipelineAmt(1, false).ToString();
	this.curPipelineMonthMax1.Text = forecast.PipelineAmt(1, true).ToString();
	this.curPipelineMonthMin2.Text = forecast.PipelineAmt(2, false).ToString();
	this.curPipelineMonthMax2.Text = forecast.PipelineAmt(2, true).ToString();
	this.curPipelineMonthMin3.Text = forecast.PipelineAmt(3, false).ToString();
	this.curPipelineMonthMax3.Text = forecast.PipelineAmt(3, true).ToString();
	this.curPipelineTotalMin.Text = forecast.PipelineAmt(0, false).ToString();
	this.curPipelineTotalMax.Text = forecast.PipelineAmt(0, true).ToString();
	
	this.curAmountMin.Text = (Convert.ToDouble(this.curCWTotal.Text) + Convert.ToDouble(this.curPipelineTotalMin.Text)).ToString();
	this.curAmountMax.Text = (Convert.ToDouble(this.curCWTotal.Text) + Convert.ToDouble(this.curPipelineTotalMax.Text)).ToString();
    this.curAmountAvg.Text = ((Convert.ToDouble(this.curAmountMin.Text) + Convert.ToDouble(this.curAmountMax.Text))/2).ToString();
	
	// Set Buttons
	bool enableButtons = forecast.CanSubmit();
	this.cmdSetMin.Enabled = enableButtons;
	this.cmdSetAvg.Enabled = enableButtons;
	this.cmdSetMax.Enabled = enableButtons;
</CSharpCodeSnippet>
        </CSharpSnippetActionItem>
      </Action>
      <IsDialogCloseAction>False</IsDialogCloseAction>
      <RunOnEveryRePaint>False</RunOnEveryRePaint>
      <DialogActionResult>NoResult</DialogActionResult>
      <PerformsUpdate>False</PerformsUpdate>
      <AppliedSecurity />
      <RefreshData>False</RefreshData>
    </FormActionDefinition>
  </LoadActions>
  <Name>ForecastMonthView</Name>
  <ClientScriptIncludes />
  <ClientResourceKeys />
  <ExtendedProperties />
  <HelpFile />
  <ReadOnly>false</ReadOnly>
  <GeneratePrintView>false</GeneratePrintView>
  <Controls>
    <Control typeName="Sage.Platform.QuickForms.QFControls.QFLabel, Sage.Platform.QuickForms.QFControls">
      <QFLabel>
        <Column>0</Column>
        <Row>1</Row>
        <HotKey>0</HotKey>
        <TabIndex>0</TabIndex>
        <ControlId>lblQuota</ControlId>
        <DataBindings />
        <ControlLabelPlacement>left</ControlLabelPlacement>
        <ExtendedProperties />
        <CaptionAlignment>left</CaptionAlignment>
        <StyleScheme />
        <AssociatedControlID />
      </QFLabel>
    </Control>
    <Control typeName="Sage.Platform.QuickForms.QFControls.QFLabel, Sage.Platform.QuickForms.QFControls">
      <QFLabel>
        <Column>0</Column>
        <Row>2</Row>
        <HotKey>0</HotKey>
        <TabIndex>0</TabIndex>
        <ControlId>lblClosedWon</ControlId>
        <DataBindings />
        <ControlLabelPlacement>left</ControlLabelPlacement>
        <ExtendedProperties />
        <CaptionAlignment>left</CaptionAlignment>
        <StyleScheme />
        <AssociatedControlID />
      </QFLabel>
    </Control>
    <Control typeName="Sage.Platform.QuickForms.QFControls.QFLabel, Sage.Platform.QuickForms.QFControls">
      <QFLabel>
        <Column>0</Column>
        <Row>3</Row>
        <HotKey>0</HotKey>
        <TabIndex>0</TabIndex>
        <ControlId>lblPertoQuota</ControlId>
        <DataBindings />
        <ControlLabelPlacement>left</ControlLabelPlacement>
        <ExtendedProperties />
        <CaptionAlignment>left</CaptionAlignment>
        <StyleScheme />
        <AssociatedControlID />
      </QFLabel>
    </Control>
    <Control typeName="Sage.Platform.QuickForms.QFControls.QFHorizontalSeparator, Sage.Platform.QuickForms.QFControls">
      <QFHorizontalSeparator>
        <ColumnSpan>5</ColumnSpan>
        <Column>0</Column>
        <Row>4</Row>
        <HotKey>48</HotKey>
        <TabIndex>0</TabIndex>
        <ControlId>QFHorizontalSeparator</ControlId>
        <DataBindings />
        <ControlLabelPlacement>none</ControlLabelPlacement>
        <ExtendedProperties />
        <CaptionAlignment>left</CaptionAlignment>
        <StyleScheme />
        <DisplayAsTitleBar>false</DisplayAsTitleBar>
      </QFHorizontalSeparator>
    </Control>
    <Control typeName="Sage.Platform.QuickForms.QFControls.QFLabel, Sage.Platform.QuickForms.QFControls">
      <QFLabel>
        <Column>0</Column>
        <Row>5</Row>
        <HotKey>0</HotKey>
        <TabIndex>0</TabIndex>
        <ControlId>lblPipelineMin</ControlId>
        <DataBindings />
        <ControlLabelPlacement>left</ControlLabelPlacement>
        <ExtendedProperties />
        <CaptionAlignment>left</CaptionAlignment>
        <StyleScheme />
        <AssociatedControlID />
      </QFLabel>
    </Control>
    <Control typeName="Sage.Platform.QuickForms.QFControls.QFLabel, Sage.Platform.QuickForms.QFControls">
      <QFLabel>
        <Column>0</Column>
        <Row>6</Row>
        <HotKey>0</HotKey>
        <TabIndex>0</TabIndex>
        <ControlId>lblPipelineMax</ControlId>
        <DataBindings />
        <ControlLabelPlacement>left</ControlLabelPlacement>
        <ExtendedProperties />
        <CaptionAlignment>left</CaptionAlignment>
        <StyleScheme />
        <AssociatedControlID />
      </QFLabel>
    </Control>
    <Control typeName="Sage.Platform.QuickForms.QFControls.QFHorizontalSeparator, Sage.Platform.QuickForms.QFControls">
      <QFHorizontalSeparator>
        <ColumnSpan>5</ColumnSpan>
        <Column>0</Column>
        <Row>7</Row>
        <HotKey>48</HotKey>
        <TabIndex>0</TabIndex>
        <ControlId>QFHorizontalSeparator2</ControlId>
        <DataBindings />
        <ControlLabelPlacement>none</ControlLabelPlacement>
        <ExtendedProperties />
        <CaptionAlignment>left</CaptionAlignment>
        <StyleScheme />
        <DisplayAsTitleBar>false</DisplayAsTitleBar>
      </QFHorizontalSeparator>
    </Control>
    <Control typeName="Sage.Platform.QuickForms.QFControls.QFLabel, Sage.Platform.QuickForms.QFControls">
      <QFLabel>
        <Column>1</Column>
        <Row>0</Row>
        <HotKey>0</HotKey>
        <TabIndex>0</TabIndex>
        <ControlId>lblMonth1</ControlId>
        <DataBindings />
        <ControlLabelPlacement>left</ControlLabelPlacement>
        <ExtendedProperties />
        <CaptionAlignment>center</CaptionAlignment>
        <StyleScheme />
        <AssociatedControlID />
      </QFLabel>
    </Control>
    <Control typeName="Sage.SalesLogix.QuickForms.QFControls.QFSLXCurrency, Sage.SalesLogix.QuickForms.QFControls">
      <QFSLXCurrency>
        <Column>1</Column>
        <Row>1</Row>
        <IsReadOnly>true</IsReadOnly>
        <HotKey>0</HotKey>
        <TabIndex>0</TabIndex>
        <ControlId>curQuotaMonth1</ControlId>
        <DataBindings />
        <ControlLabelPlacement>left</ControlLabelPlacement>
        <ExtendedProperties />
        <CaptionAlignment>left</CaptionAlignment>
        <StyleScheme />
        <OnChangeAction>
          <ResourceKey>curQuotaMonth1</ResourceKey>
          <Action typeName="Sage.Platform.QuickForms.ActionItems.NoActionActionItem, Sage.Platform.QuickForms">
            <NoActionActionItem>
              <MethodName />
            </NoActionActionItem>
          </Action>
          <IsDialogCloseAction>False</IsDialogCloseAction>
          <RunOnEveryRePaint>False</RunOnEveryRePaint>
          <DialogActionResult>NoResult</DialogActionResult>
          <PerformsUpdate>False</PerformsUpdate>
          <AppliedSecurity />
          <RefreshData>False</RefreshData>
        </OnChangeAction>
        <Required>false</Required>
        <CurrentCode />
        <ExchangeRate>1</ExchangeRate>
        <ExchangeRateType>BaseRate</ExchangeRateType>
        <DisplayMode>AsText</DisplayMode>
        <DecimalDigits>-1</DecimalDigits>
      </QFSLXCurrency>
    </Control>
    <Control typeName="Sage.SalesLogix.QuickForms.QFControls.QFSLXCurrency, Sage.SalesLogix.QuickForms.QFControls">
      <QFSLXCurrency>
        <Column>1</Column>
        <Row>2</Row>
        <IsReadOnly>true</IsReadOnly>
        <HotKey>0</HotKey>
        <TabIndex>0</TabIndex>
        <ControlId>curCWMonth1</ControlId>
        <DataBindings />
        <ControlLabelPlacement>left</ControlLabelPlacement>
        <ExtendedProperties />
        <CaptionAlignment>left</CaptionAlignment>
        <StyleScheme />
        <OnChangeAction>
          <ResourceKey>curCWMonth1</ResourceKey>
          <Action typeName="Sage.Platform.QuickForms.ActionItems.NoActionActionItem, Sage.Platform.QuickForms">
            <NoActionActionItem>
              <MethodName />
            </NoActionActionItem>
          </Action>
          <IsDialogCloseAction>False</IsDialogCloseAction>
          <RunOnEveryRePaint>False</RunOnEveryRePaint>
          <DialogActionResult>NoResult</DialogActionResult>
          <PerformsUpdate>False</PerformsUpdate>
          <AppliedSecurity />
          <RefreshData>False</RefreshData>
        </OnChangeAction>
        <Required>false</Required>
        <CurrentCode />
        <ExchangeRate>1</ExchangeRate>
        <ExchangeRateType>BaseRate</ExchangeRateType>
        <DisplayMode>AsText</DisplayMode>
        <DecimalDigits>-1</DecimalDigits>
      </QFSLXCurrency>
    </Control>
    <Control typeName="Sage.Platform.QuickForms.Controls.QFTextBox, Sage.Platform.QuickForms">
      <QFTextBox>
        <Column>1</Column>
        <Row>3</Row>
        <IsReadOnly>true</IsReadOnly>
        <HotKey>0</HotKey>
        <TabIndex>0</TabIndex>
        <ControlId>perMonth1</ControlId>
        <DataBindings />
        <ControlLabelPlacement>left</ControlLabelPlacement>
        <ExtendedProperties />
        <CaptionAlignment>left</CaptionAlignment>
        <StyleScheme>percentrj</StyleScheme>
        <OnChangeAction>
          <ResourceKey>perMonth1</ResourceKey>
          <Action typeName="Sage.Platform.QuickForms.ActionItems.NoActionActionItem, Sage.Platform.QuickForms">
            <NoActionActionItem>
              <MethodName />
            </NoActionActionItem>
          </Action>
          <IsDialogCloseAction>False</IsDialogCloseAction>
          <RunOnEveryRePaint>False</RunOnEveryRePaint>
          <DialogActionResult>NoResult</DialogActionResult>
          <PerformsUpdate>False</PerformsUpdate>
          <AppliedSecurity />
          <RefreshData>False</RefreshData>
        </OnChangeAction>
        <Required>false</Required>
      </QFTextBox>
    </Control>
    <Control typeName="Sage.SalesLogix.QuickForms.QFControls.QFSLXCurrency, Sage.SalesLogix.QuickForms.QFControls">
      <QFSLXCurrency>
        <Column>1</Column>
        <Row>5</Row>
        <IsReadOnly>true</IsReadOnly>
        <HotKey>0</HotKey>
        <TabIndex>0</TabIndex>
        <ControlId>curPipelineMonthMin1</ControlId>
        <DataBindings />
        <ControlLabelPlacement>left</ControlLabelPlacement>
        <ExtendedProperties />
        <CaptionAlignment>left</CaptionAlignment>
        <StyleScheme />
        <OnChangeAction>
          <ResourceKey>curPipelineMonthMin1</ResourceKey>
          <Action typeName="Sage.Platform.QuickForms.ActionItems.NoActionActionItem, Sage.Platform.QuickForms">
            <NoActionActionItem>
              <MethodName />
            </NoActionActionItem>
          </Action>
          <IsDialogCloseAction>False</IsDialogCloseAction>
          <RunOnEveryRePaint>False</RunOnEveryRePaint>
          <DialogActionResult>NoResult</DialogActionResult>
          <PerformsUpdate>False</PerformsUpdate>
          <AppliedSecurity />
          <RefreshData>False</RefreshData>
        </OnChangeAction>
        <Required>false</Required>
        <CurrentCode />
        <ExchangeRate>1</ExchangeRate>
        <ExchangeRateType>BaseRate</ExchangeRateType>
        <DisplayMode>AsText</DisplayMode>
        <DecimalDigits>-1</DecimalDigits>
      </QFSLXCurrency>
    </Control>
    <Control typeName="Sage.SalesLogix.QuickForms.QFControls.QFSLXCurrency, Sage.SalesLogix.QuickForms.QFControls">
      <QFSLXCurrency>
        <Column>1</Column>
        <Row>6</Row>
        <IsReadOnly>true</IsReadOnly>
        <HotKey>0</HotKey>
        <TabIndex>0</TabIndex>
        <ControlId>curPipelineMonthMax1</ControlId>
        <DataBindings />
        <ControlLabelPlacement>left</ControlLabelPlacement>
        <ExtendedProperties />
        <CaptionAlignment>left</CaptionAlignment>
        <StyleScheme />
        <OnChangeAction>
          <ResourceKey>curPipelineMonthMax1</ResourceKey>
          <Action typeName="Sage.Platform.QuickForms.ActionItems.NoActionActionItem, Sage.Platform.QuickForms">
            <NoActionActionItem>
              <MethodName />
            </NoActionActionItem>
          </Action>
          <IsDialogCloseAction>False</IsDialogCloseAction>
          <RunOnEveryRePaint>False</RunOnEveryRePaint>
          <DialogActionResult>NoResult</DialogActionResult>
          <PerformsUpdate>False</PerformsUpdate>
          <AppliedSecurity />
          <RefreshData>False</RefreshData>
        </OnChangeAction>
        <Required>false</Required>
        <CurrentCode />
        <ExchangeRate>1</ExchangeRate>
        <ExchangeRateType>BaseRate</ExchangeRateType>
        <DisplayMode>AsText</DisplayMode>
        <DecimalDigits>-1</DecimalDigits>
      </QFSLXCurrency>
    </Control>
    <Control typeName="Sage.Platform.QuickForms.QFControls.QFLabel, Sage.Platform.QuickForms.QFControls">
      <QFLabel>
        <Column>2</Column>
        <Row>0</Row>
        <HotKey>0</HotKey>
        <TabIndex>0</TabIndex>
        <ControlId>lblMonth2</ControlId>
        <DataBindings />
        <ControlLabelPlacement>left</ControlLabelPlacement>
        <ExtendedProperties />
        <CaptionAlignment>center</CaptionAlignment>
        <StyleScheme />
        <AssociatedControlID />
      </QFLabel>
    </Control>
    <Control typeName="Sage.SalesLogix.QuickForms.QFControls.QFSLXCurrency, Sage.SalesLogix.QuickForms.QFControls">
      <QFSLXCurrency>
        <Column>2</Column>
        <Row>1</Row>
        <IsReadOnly>true</IsReadOnly>
        <HotKey>0</HotKey>
        <TabIndex>0</TabIndex>
        <ControlId>curQuotaMonth2</ControlId>
        <DataBindings />
        <ControlLabelPlacement>left</ControlLabelPlacement>
        <ExtendedProperties />
        <CaptionAlignment>left</CaptionAlignment>
        <StyleScheme />
        <OnChangeAction>
          <ResourceKey>curQuotaMonth2</ResourceKey>
          <Action typeName="Sage.Platform.QuickForms.ActionItems.NoActionActionItem, Sage.Platform.QuickForms">
            <NoActionActionItem>
              <MethodName />
            </NoActionActionItem>
          </Action>
          <IsDialogCloseAction>False</IsDialogCloseAction>
          <RunOnEveryRePaint>False</RunOnEveryRePaint>
          <DialogActionResult>NoResult</DialogActionResult>
          <PerformsUpdate>False</PerformsUpdate>
          <AppliedSecurity />
          <RefreshData>False</RefreshData>
        </OnChangeAction>
        <Required>false</Required>
        <CurrentCode />
        <ExchangeRate>1</ExchangeRate>
        <ExchangeRateType>BaseRate</ExchangeRateType>
        <DisplayMode>AsText</DisplayMode>
        <DecimalDigits>-1</DecimalDigits>
      </QFSLXCurrency>
    </Control>
    <Control typeName="Sage.SalesLogix.QuickForms.QFControls.QFSLXCurrency, Sage.SalesLogix.QuickForms.QFControls">
      <QFSLXCurrency>
        <Column>2</Column>
        <Row>2</Row>
        <IsReadOnly>true</IsReadOnly>
        <HotKey>0</HotKey>
        <TabIndex>0</TabIndex>
        <ControlId>curCWMonth2</ControlId>
        <DataBindings />
        <ControlLabelPlacement>left</ControlLabelPlacement>
        <ExtendedProperties />
        <CaptionAlignment>left</CaptionAlignment>
        <StyleScheme />
        <OnChangeAction>
          <ResourceKey>curCWMonth2</ResourceKey>
          <Action typeName="Sage.Platform.QuickForms.ActionItems.NoActionActionItem, Sage.Platform.QuickForms">
            <NoActionActionItem>
              <MethodName />
            </NoActionActionItem>
          </Action>
          <IsDialogCloseAction>False</IsDialogCloseAction>
          <RunOnEveryRePaint>False</RunOnEveryRePaint>
          <DialogActionResult>NoResult</DialogActionResult>
          <PerformsUpdate>False</PerformsUpdate>
          <AppliedSecurity />
          <RefreshData>False</RefreshData>
        </OnChangeAction>
        <Required>false</Required>
        <CurrentCode />
        <ExchangeRate>1</ExchangeRate>
        <ExchangeRateType>BaseRate</ExchangeRateType>
        <DisplayMode>AsText</DisplayMode>
        <DecimalDigits>-1</DecimalDigits>
      </QFSLXCurrency>
    </Control>
    <Control typeName="Sage.Platform.QuickForms.Controls.QFTextBox, Sage.Platform.QuickForms">
      <QFTextBox>
        <Column>2</Column>
        <Row>3</Row>
        <IsReadOnly>true</IsReadOnly>
        <HotKey>0</HotKey>
        <TabIndex>0</TabIndex>
        <ControlId>perMonth2</ControlId>
        <DataBindings />
        <ControlLabelPlacement>left</ControlLabelPlacement>
        <ExtendedProperties />
        <CaptionAlignment>left</CaptionAlignment>
        <StyleScheme>percentrj</StyleScheme>
        <OnChangeAction>
          <ResourceKey>perMonth2</ResourceKey>
          <Action typeName="Sage.Platform.QuickForms.ActionItems.NoActionActionItem, Sage.Platform.QuickForms">
            <NoActionActionItem>
              <MethodName />
            </NoActionActionItem>
          </Action>
          <IsDialogCloseAction>False</IsDialogCloseAction>
          <RunOnEveryRePaint>False</RunOnEveryRePaint>
          <DialogActionResult>NoResult</DialogActionResult>
          <PerformsUpdate>False</PerformsUpdate>
          <AppliedSecurity />
          <RefreshData>False</RefreshData>
        </OnChangeAction>
        <Required>false</Required>
      </QFTextBox>
    </Control>
    <Control typeName="Sage.SalesLogix.QuickForms.QFControls.QFSLXCurrency, Sage.SalesLogix.QuickForms.QFControls">
      <QFSLXCurrency>
        <Column>2</Column>
        <Row>5</Row>
        <IsReadOnly>true</IsReadOnly>
        <HotKey>0</HotKey>
        <TabIndex>0</TabIndex>
        <ControlId>curPipelineMonthMin2</ControlId>
        <DataBindings />
        <ControlLabelPlacement>left</ControlLabelPlacement>
        <ExtendedProperties />
        <CaptionAlignment>left</CaptionAlignment>
        <StyleScheme />
        <OnChangeAction>
          <ResourceKey>curPipelineMonthMin2</ResourceKey>
          <Action typeName="Sage.Platform.QuickForms.ActionItems.NoActionActionItem, Sage.Platform.QuickForms">
            <NoActionActionItem>
              <MethodName />
            </NoActionActionItem>
          </Action>
          <IsDialogCloseAction>False</IsDialogCloseAction>
          <RunOnEveryRePaint>False</RunOnEveryRePaint>
          <DialogActionResult>NoResult</DialogActionResult>
          <PerformsUpdate>False</PerformsUpdate>
          <AppliedSecurity />
          <RefreshData>False</RefreshData>
        </OnChangeAction>
        <Required>false</Required>
        <CurrentCode />
        <ExchangeRate>1</ExchangeRate>
        <ExchangeRateType>BaseRate</ExchangeRateType>
        <DisplayMode>AsText</DisplayMode>
        <DecimalDigits>-1</DecimalDigits>
      </QFSLXCurrency>
    </Control>
    <Control typeName="Sage.SalesLogix.QuickForms.QFControls.QFSLXCurrency, Sage.SalesLogix.QuickForms.QFControls">
      <QFSLXCurrency>
        <Column>2</Column>
        <Row>6</Row>
        <IsReadOnly>true</IsReadOnly>
        <HotKey>0</HotKey>
        <TabIndex>0</TabIndex>
        <ControlId>curPipelineMonthMax2</ControlId>
        <DataBindings />
        <ControlLabelPlacement>left</ControlLabelPlacement>
        <ExtendedProperties />
        <CaptionAlignment>left</CaptionAlignment>
        <StyleScheme />
        <OnChangeAction>
          <ResourceKey>curPipelineMonthMax2</ResourceKey>
          <Action typeName="Sage.Platform.QuickForms.ActionItems.NoActionActionItem, Sage.Platform.QuickForms">
            <NoActionActionItem>
              <MethodName />
            </NoActionActionItem>
          </Action>
          <IsDialogCloseAction>False</IsDialogCloseAction>
          <RunOnEveryRePaint>False</RunOnEveryRePaint>
          <DialogActionResult>NoResult</DialogActionResult>
          <PerformsUpdate>False</PerformsUpdate>
          <AppliedSecurity />
          <RefreshData>False</RefreshData>
        </OnChangeAction>
        <Required>false</Required>
        <CurrentCode />
        <ExchangeRate>1</ExchangeRate>
        <ExchangeRateType>BaseRate</ExchangeRateType>
        <DisplayMode>AsText</DisplayMode>
        <DecimalDigits>-1</DecimalDigits>
      </QFSLXCurrency>
    </Control>
    <Control typeName="Sage.Platform.QuickForms.QFControls.QFLabel, Sage.Platform.QuickForms.QFControls">
      <QFLabel>
        <Column>3</Column>
        <Row>0</Row>
        <HotKey>0</HotKey>
        <TabIndex>0</TabIndex>
        <ControlId>lblMonth3</ControlId>
        <DataBindings />
        <ControlLabelPlacement>left</ControlLabelPlacement>
        <ExtendedProperties />
        <CaptionAlignment>center</CaptionAlignment>
        <StyleScheme />
        <AssociatedControlID />
      </QFLabel>
    </Control>
    <Control typeName="Sage.SalesLogix.QuickForms.QFControls.QFSLXCurrency, Sage.SalesLogix.QuickForms.QFControls">
      <QFSLXCurrency>
        <Column>3</Column>
        <Row>1</Row>
        <IsReadOnly>true</IsReadOnly>
        <HotKey>0</HotKey>
        <TabIndex>0</TabIndex>
        <ControlId>curQuotaMonth3</ControlId>
        <DataBindings />
        <ControlLabelPlacement>left</ControlLabelPlacement>
        <ExtendedProperties />
        <CaptionAlignment>left</CaptionAlignment>
        <StyleScheme />
        <OnChangeAction>
          <ResourceKey>curQuotaMonth3</ResourceKey>
          <Action typeName="Sage.Platform.QuickForms.ActionItems.NoActionActionItem, Sage.Platform.QuickForms">
            <NoActionActionItem>
              <MethodName />
            </NoActionActionItem>
          </Action>
          <IsDialogCloseAction>False</IsDialogCloseAction>
          <RunOnEveryRePaint>False</RunOnEveryRePaint>
          <DialogActionResult>NoResult</DialogActionResult>
          <PerformsUpdate>False</PerformsUpdate>
          <AppliedSecurity />
          <RefreshData>False</RefreshData>
        </OnChangeAction>
        <Required>false</Required>
        <CurrentCode />
        <ExchangeRate>1</ExchangeRate>
        <ExchangeRateType>BaseRate</ExchangeRateType>
        <DisplayMode>AsText</DisplayMode>
        <DecimalDigits>-1</DecimalDigits>
      </QFSLXCurrency>
    </Control>
    <Control typeName="Sage.SalesLogix.QuickForms.QFControls.QFSLXCurrency, Sage.SalesLogix.QuickForms.QFControls">
      <QFSLXCurrency>
        <Column>3</Column>
        <Row>2</Row>
        <IsReadOnly>true</IsReadOnly>
        <HotKey>0</HotKey>
        <TabIndex>0</TabIndex>
        <ControlId>curCWMonth3</ControlId>
        <DataBindings />
        <ControlLabelPlacement>left</ControlLabelPlacement>
        <ExtendedProperties />
        <CaptionAlignment>left</CaptionAlignment>
        <StyleScheme />
        <OnChangeAction>
          <ResourceKey>curCWMonth3</ResourceKey>
          <Action typeName="Sage.Platform.QuickForms.ActionItems.NoActionActionItem, Sage.Platform.QuickForms">
            <NoActionActionItem>
              <MethodName />
            </NoActionActionItem>
          </Action>
          <IsDialogCloseAction>False</IsDialogCloseAction>
          <RunOnEveryRePaint>False</RunOnEveryRePaint>
          <DialogActionResult>NoResult</DialogActionResult>
          <PerformsUpdate>False</PerformsUpdate>
          <AppliedSecurity />
          <RefreshData>False</RefreshData>
        </OnChangeAction>
        <Required>false</Required>
        <CurrentCode />
        <ExchangeRate>1</ExchangeRate>
        <ExchangeRateType>BaseRate</ExchangeRateType>
        <DisplayMode>AsText</DisplayMode>
        <DecimalDigits>-1</DecimalDigits>
      </QFSLXCurrency>
    </Control>
    <Control typeName="Sage.Platform.QuickForms.Controls.QFTextBox, Sage.Platform.QuickForms">
      <QFTextBox>
        <Column>3</Column>
        <Row>3</Row>
        <IsReadOnly>true</IsReadOnly>
        <HotKey>0</HotKey>
        <TabIndex>0</TabIndex>
        <ControlId>perMonth3</ControlId>
        <DataBindings />
        <ControlLabelPlacement>left</ControlLabelPlacement>
        <ExtendedProperties />
        <CaptionAlignment>left</CaptionAlignment>
        <StyleScheme>percentrj</StyleScheme>
        <OnChangeAction>
          <ResourceKey>perMonth3</ResourceKey>
          <Action typeName="Sage.Platform.QuickForms.ActionItems.NoActionActionItem, Sage.Platform.QuickForms">
            <NoActionActionItem>
              <MethodName />
            </NoActionActionItem>
          </Action>
          <IsDialogCloseAction>False</IsDialogCloseAction>
          <RunOnEveryRePaint>False</RunOnEveryRePaint>
          <DialogActionResult>NoResult</DialogActionResult>
          <PerformsUpdate>False</PerformsUpdate>
          <AppliedSecurity />
          <RefreshData>False</RefreshData>
        </OnChangeAction>
        <Required>false</Required>
      </QFTextBox>
    </Control>
    <Control typeName="Sage.SalesLogix.QuickForms.QFControls.QFSLXCurrency, Sage.SalesLogix.QuickForms.QFControls">
      <QFSLXCurrency>
        <Column>3</Column>
        <Row>5</Row>
        <IsReadOnly>true</IsReadOnly>
        <HotKey>0</HotKey>
        <TabIndex>0</TabIndex>
        <ControlId>curPipelineMonthMin3</ControlId>
        <DataBindings />
        <ControlLabelPlacement>left</ControlLabelPlacement>
        <ExtendedProperties />
        <CaptionAlignment>left</CaptionAlignment>
        <StyleScheme />
        <OnChangeAction>
          <ResourceKey>curPipelineMonthMin3</ResourceKey>
          <Action typeName="Sage.Platform.QuickForms.ActionItems.NoActionActionItem, Sage.Platform.QuickForms">
            <NoActionActionItem>
              <MethodName />
            </NoActionActionItem>
          </Action>
          <IsDialogCloseAction>False</IsDialogCloseAction>
          <RunOnEveryRePaint>False</RunOnEveryRePaint>
          <DialogActionResult>NoResult</DialogActionResult>
          <PerformsUpdate>False</PerformsUpdate>
          <AppliedSecurity />
          <RefreshData>False</RefreshData>
        </OnChangeAction>
        <Required>false</Required>
        <CurrentCode />
        <ExchangeRate>1</ExchangeRate>
        <ExchangeRateType>BaseRate</ExchangeRateType>
        <DisplayMode>AsText</DisplayMode>
        <DecimalDigits>-1</DecimalDigits>
      </QFSLXCurrency>
    </Control>
    <Control typeName="Sage.SalesLogix.QuickForms.QFControls.QFSLXCurrency, Sage.SalesLogix.QuickForms.QFControls">
      <QFSLXCurrency>
        <Column>3</Column>
        <Row>6</Row>
        <IsReadOnly>true</IsReadOnly>
        <HotKey>0</HotKey>
        <TabIndex>0</TabIndex>
        <ControlId>curPipelineMonthMax3</ControlId>
        <DataBindings />
        <ControlLabelPlacement>left</ControlLabelPlacement>
        <ExtendedProperties />
        <CaptionAlignment>left</CaptionAlignment>
        <StyleScheme />
        <OnChangeAction>
          <ResourceKey>curPipelineMonthMax3</ResourceKey>
          <Action typeName="Sage.Platform.QuickForms.ActionItems.NoActionActionItem, Sage.Platform.QuickForms">
            <NoActionActionItem>
              <MethodName />
            </NoActionActionItem>
          </Action>
          <IsDialogCloseAction>False</IsDialogCloseAction>
          <RunOnEveryRePaint>False</RunOnEveryRePaint>
          <DialogActionResult>NoResult</DialogActionResult>
          <PerformsUpdate>False</PerformsUpdate>
          <AppliedSecurity />
          <RefreshData>False</RefreshData>
        </OnChangeAction>
        <Required>false</Required>
        <CurrentCode />
        <ExchangeRate>1</ExchangeRate>
        <ExchangeRateType>BaseRate</ExchangeRateType>
        <DisplayMode>AsText</DisplayMode>
        <DecimalDigits>-1</DecimalDigits>
      </QFSLXCurrency>
    </Control>
    <Control typeName="Sage.Platform.QuickForms.QFControls.QFLabel, Sage.Platform.QuickForms.QFControls">
      <QFLabel>
        <Column>4</Column>
        <Row>0</Row>
        <HotKey>0</HotKey>
        <TabIndex>0</TabIndex>
        <ControlId>lblTotal</ControlId>
        <DataBindings />
        <ControlLabelPlacement>left</ControlLabelPlacement>
        <ExtendedProperties />
        <CaptionAlignment>center</CaptionAlignment>
        <StyleScheme />
        <AssociatedControlID />
      </QFLabel>
    </Control>
    <Control typeName="Sage.SalesLogix.QuickForms.QFControls.QFSLXCurrency, Sage.SalesLogix.QuickForms.QFControls">
      <QFSLXCurrency>
        <Column>4</Column>
        <Row>1</Row>
        <IsReadOnly>true</IsReadOnly>
        <HotKey>0</HotKey>
        <TabIndex>0</TabIndex>
        <ControlId>curQuotaTotal</ControlId>
        <DataBindings />
        <ControlLabelPlacement>left</ControlLabelPlacement>
        <ExtendedProperties />
        <CaptionAlignment>left</CaptionAlignment>
        <StyleScheme />
        <OnChangeAction>
          <ResourceKey>curQuotaTotal</ResourceKey>
          <Action typeName="Sage.Platform.QuickForms.ActionItems.NoActionActionItem, Sage.Platform.QuickForms">
            <NoActionActionItem>
              <MethodName />
            </NoActionActionItem>
          </Action>
          <IsDialogCloseAction>False</IsDialogCloseAction>
          <RunOnEveryRePaint>False</RunOnEveryRePaint>
          <DialogActionResult>NoResult</DialogActionResult>
          <PerformsUpdate>False</PerformsUpdate>
          <AppliedSecurity />
          <RefreshData>False</RefreshData>
        </OnChangeAction>
        <Required>false</Required>
        <CurrentCode />
        <ExchangeRate>1</ExchangeRate>
        <ExchangeRateType>BaseRate</ExchangeRateType>
        <DisplayMode>AsText</DisplayMode>
        <DecimalDigits>-1</DecimalDigits>
      </QFSLXCurrency>
    </Control>
    <Control typeName="Sage.SalesLogix.QuickForms.QFControls.QFSLXCurrency, Sage.SalesLogix.QuickForms.QFControls">
      <QFSLXCurrency>
        <Column>4</Column>
        <Row>2</Row>
        <IsReadOnly>true</IsReadOnly>
        <HotKey>0</HotKey>
        <TabIndex>0</TabIndex>
        <ControlId>curCWTotal</ControlId>
        <DataBindings />
        <ControlLabelPlacement>left</ControlLabelPlacement>
        <ExtendedProperties />
        <CaptionAlignment>left</CaptionAlignment>
        <StyleScheme />
        <OnChangeAction>
          <ResourceKey>curCWTotal</ResourceKey>
          <Action typeName="Sage.Platform.QuickForms.ActionItems.NoActionActionItem, Sage.Platform.QuickForms">
            <NoActionActionItem>
              <MethodName />
            </NoActionActionItem>
          </Action>
          <IsDialogCloseAction>False</IsDialogCloseAction>
          <RunOnEveryRePaint>False</RunOnEveryRePaint>
          <DialogActionResult>NoResult</DialogActionResult>
          <PerformsUpdate>False</PerformsUpdate>
          <AppliedSecurity />
          <RefreshData>False</RefreshData>
        </OnChangeAction>
        <Required>false</Required>
        <CurrentCode />
        <ExchangeRate>1</ExchangeRate>
        <ExchangeRateType>BaseRate</ExchangeRateType>
        <DisplayMode>AsText</DisplayMode>
        <DecimalDigits>-1</DecimalDigits>
      </QFSLXCurrency>
    </Control>
    <Control typeName="Sage.Platform.QuickForms.Controls.QFTextBox, Sage.Platform.QuickForms">
      <QFTextBox>
        <Column>4</Column>
        <Row>3</Row>
        <IsReadOnly>true</IsReadOnly>
        <HotKey>0</HotKey>
        <TabIndex>0</TabIndex>
        <ControlId>perTotal</ControlId>
        <DataBindings />
        <ControlLabelPlacement>left</ControlLabelPlacement>
        <ExtendedProperties />
        <CaptionAlignment>left</CaptionAlignment>
        <StyleScheme>percentrj</StyleScheme>
        <OnChangeAction>
          <ResourceKey>perTotal</ResourceKey>
          <Action typeName="Sage.Platform.QuickForms.ActionItems.NoActionActionItem, Sage.Platform.QuickForms">
            <NoActionActionItem>
              <MethodName />
            </NoActionActionItem>
          </Action>
          <IsDialogCloseAction>False</IsDialogCloseAction>
          <RunOnEveryRePaint>False</RunOnEveryRePaint>
          <DialogActionResult>NoResult</DialogActionResult>
          <PerformsUpdate>False</PerformsUpdate>
          <AppliedSecurity />
          <RefreshData>False</RefreshData>
        </OnChangeAction>
        <Required>false</Required>
      </QFTextBox>
    </Control>
    <Control typeName="Sage.SalesLogix.QuickForms.QFControls.QFSLXCurrency, Sage.SalesLogix.QuickForms.QFControls">
      <QFSLXCurrency>
        <Column>4</Column>
        <Row>5</Row>
        <IsReadOnly>true</IsReadOnly>
        <HotKey>0</HotKey>
        <TabIndex>0</TabIndex>
        <ControlId>curPipelineTotalMin</ControlId>
        <DataBindings />
        <ControlLabelPlacement>left</ControlLabelPlacement>
        <ExtendedProperties />
        <CaptionAlignment>left</CaptionAlignment>
        <StyleScheme />
        <OnChangeAction>
          <ResourceKey>curPipelineTotalMin</ResourceKey>
          <Action typeName="Sage.Platform.QuickForms.ActionItems.NoActionActionItem, Sage.Platform.QuickForms">
            <NoActionActionItem>
              <MethodName />
            </NoActionActionItem>
          </Action>
          <IsDialogCloseAction>False</IsDialogCloseAction>
          <RunOnEveryRePaint>False</RunOnEveryRePaint>
          <DialogActionResult>NoResult</DialogActionResult>
          <PerformsUpdate>False</PerformsUpdate>
          <AppliedSecurity />
          <RefreshData>False</RefreshData>
        </OnChangeAction>
        <Required>false</Required>
        <CurrentCode />
        <ExchangeRate>1</ExchangeRate>
        <ExchangeRateType>BaseRate</ExchangeRateType>
        <DisplayMode>AsText</DisplayMode>
        <DecimalDigits>-1</DecimalDigits>
      </QFSLXCurrency>
    </Control>
    <Control typeName="Sage.SalesLogix.QuickForms.QFControls.QFSLXCurrency, Sage.SalesLogix.QuickForms.QFControls">
      <QFSLXCurrency>
        <Column>4</Column>
        <Row>6</Row>
        <IsReadOnly>true</IsReadOnly>
        <HotKey>0</HotKey>
        <TabIndex>0</TabIndex>
        <ControlId>curPipelineTotalMax</ControlId>
        <DataBindings />
        <ControlLabelPlacement>left</ControlLabelPlacement>
        <ExtendedProperties />
        <CaptionAlignment>left</CaptionAlignment>
        <StyleScheme />
        <OnChangeAction>
          <ResourceKey>curPipelineTotalMax</ResourceKey>
          <Action typeName="Sage.Platform.QuickForms.ActionItems.NoActionActionItem, Sage.Platform.QuickForms">
            <NoActionActionItem>
              <MethodName />
            </NoActionActionItem>
          </Action>
          <IsDialogCloseAction>False</IsDialogCloseAction>
          <RunOnEveryRePaint>False</RunOnEveryRePaint>
          <DialogActionResult>NoResult</DialogActionResult>
          <PerformsUpdate>False</PerformsUpdate>
          <AppliedSecurity />
          <RefreshData>False</RefreshData>
        </OnChangeAction>
        <Required>false</Required>
        <CurrentCode />
        <ExchangeRate>1</ExchangeRate>
        <ExchangeRateType>BaseRate</ExchangeRateType>
        <DisplayMode>AsText</DisplayMode>
        <DecimalDigits>-1</DecimalDigits>
      </QFSLXCurrency>
    </Control>
    <Control typeName="Sage.Platform.QuickForms.QFControls.QFControlsList, Sage.Platform.QuickForms.QFControls">
      <QFControlsList>
        <Column>4</Column>
        <Row>8</Row>
        <HotKey>0</HotKey>
        <TabIndex>0</TabIndex>
        <ControlId>ctlAmtMin</ControlId>
        <DataBindings />
        <ControlLabelPlacement>left</ControlLabelPlacement>
        <ExtendedProperties />
        <CaptionAlignment>left</CaptionAlignment>
        <StyleScheme />
        <Caption />
        <Controls>
          <ControlsCollection>
            <Control TypeName="Sage.SalesLogix.QuickForms.QFControls.QFSLXCurrency, Sage.SalesLogix.QuickForms.QFControls">
              <QFSLXCurrency>
                <Column>0</Column>
                <Row>0</Row>
                <IsReadOnly>true</IsReadOnly>
                <HotKey>0</HotKey>
                <TabIndex>0</TabIndex>
                <ControlId>curAmountMin</ControlId>
                <DataBindings />
                <ControlLabelPlacement>left</ControlLabelPlacement>
                <ExtendedProperties />
                <CaptionAlignment>left</CaptionAlignment>
                <StyleScheme />
                <OnChangeAction>
                  <ResourceKey>curAmountMin</ResourceKey>
                  <Action typeName="Sage.Platform.QuickForms.ActionItems.NoActionActionItem, Sage.Platform.QuickForms">
                    <NoActionActionItem>
                      <MethodName />
                    </NoActionActionItem>
                  </Action>
                  <IsDialogCloseAction>False</IsDialogCloseAction>
                  <RunOnEveryRePaint>False</RunOnEveryRePaint>
                  <DialogActionResult>NoResult</DialogActionResult>
                  <PerformsUpdate>False</PerformsUpdate>
                  <AppliedSecurity />
                  <RefreshData>False</RefreshData>
                </OnChangeAction>
                <Required>false</Required>
                <CurrentCode />
                <ExchangeRate>1</ExchangeRate>
                <ExchangeRateType>BaseRate</ExchangeRateType>
                <DisplayMode>AsText</DisplayMode>
                <DecimalDigits>-1</DecimalDigits>
              </QFSLXCurrency>
            </Control>
            <Control TypeName="Sage.Platform.QuickForms.Controls.QFButton, Sage.Platform.QuickForms">
              <QFButton>
                <Column>0</Column>
                <Row>0</Row>
                <HotKey>0</HotKey>
                <TabIndex>0</TabIndex>
                <ControlId>cmdSetMin</ControlId>
                <DataBindings />
                <ControlLabelPlacement>none</ControlLabelPlacement>
                <ExtendedProperties />
                <CaptionAlignment>left</CaptionAlignment>
                <StyleScheme />
                <ButtonType>Icon</ButtonType>
                <Image>[Localization!Global_Images:Up_16x16]</Image>
                <OnClientClick />
                <OnClickAction>
                  <ResourceKey>cmdSetMin</ResourceKey>
                  <Action typeName="Sage.Platform.QuickForms.ActionItems.CSharpSnippetActionItem, Sage.Platform.QuickForms">
                    <CSharpSnippetActionItem>
                      <MethodName>cmdSetMin_ClickAction</MethodName>
                      <CSharpCodeSnippet>	Sage.Entity.Interfaces.IForecast forecast = (Sage.Entity.Interfaces.IForecast) this.BindingSource.Current;
	forecast.Amount = Convert.ToDecimal(this.curAmountMin.Text);
    this.Refresh();	</CSharpCodeSnippet>
                    </CSharpSnippetActionItem>
                  </Action>
                  <IsDialogCloseAction>False</IsDialogCloseAction>
                  <RunOnEveryRePaint>False</RunOnEveryRePaint>
                  <DialogActionResult>NoResult</DialogActionResult>
                  <PerformsUpdate>False</PerformsUpdate>
                  <AppliedSecurity />
                  <RefreshData>False</RefreshData>
                </OnClickAction>
              </QFButton>
            </Control>
          </ControlsCollection>
        </Controls>
      </QFControlsList>
    </Control>
    <Control typeName="Sage.Platform.QuickForms.QFControls.QFControlsList, Sage.Platform.QuickForms.QFControls">
      <QFControlsList>
        <Column>4</Column>
        <Row>9</Row>
        <HotKey>0</HotKey>
        <TabIndex>0</TabIndex>
        <ControlId>ctlAmtAvg</ControlId>
        <DataBindings />
        <ControlLabelPlacement>left</ControlLabelPlacement>
        <ExtendedProperties />
        <CaptionAlignment>left</CaptionAlignment>
        <StyleScheme />
        <Caption />
        <Controls>
          <ControlsCollection>
            <Control TypeName="Sage.SalesLogix.QuickForms.QFControls.QFSLXCurrency, Sage.SalesLogix.QuickForms.QFControls">
              <QFSLXCurrency>
                <Column>0</Column>
                <Row>0</Row>
                <IsReadOnly>true</IsReadOnly>
                <HotKey>0</HotKey>
                <TabIndex>0</TabIndex>
                <ControlId>curAmountAvg</ControlId>
                <DataBindings />
                <ControlLabelPlacement>left</ControlLabelPlacement>
                <ExtendedProperties />
                <CaptionAlignment>left</CaptionAlignment>
                <StyleScheme />
                <OnChangeAction>
                  <ResourceKey>curAmountAvg</ResourceKey>
                  <Action typeName="Sage.Platform.QuickForms.ActionItems.NoActionActionItem, Sage.Platform.QuickForms">
                    <NoActionActionItem>
                      <MethodName />
                    </NoActionActionItem>
                  </Action>
                  <IsDialogCloseAction>False</IsDialogCloseAction>
                  <RunOnEveryRePaint>False</RunOnEveryRePaint>
                  <DialogActionResult>NoResult</DialogActionResult>
                  <PerformsUpdate>False</PerformsUpdate>
                  <AppliedSecurity />
                  <RefreshData>False</RefreshData>
                </OnChangeAction>
                <Required>false</Required>
                <CurrentCode />
                <ExchangeRate>1</ExchangeRate>
                <ExchangeRateType>BaseRate</ExchangeRateType>
                <DisplayMode>AsText</DisplayMode>
                <DecimalDigits>-1</DecimalDigits>
              </QFSLXCurrency>
            </Control>
            <Control TypeName="Sage.Platform.QuickForms.Controls.QFButton, Sage.Platform.QuickForms">
              <QFButton>
                <Column>0</Column>
                <Row>0</Row>
                <HotKey>0</HotKey>
                <TabIndex>0</TabIndex>
                <ControlId>cmdSetAvg</ControlId>
                <DataBindings />
                <ControlLabelPlacement>none</ControlLabelPlacement>
                <ExtendedProperties />
                <CaptionAlignment>left</CaptionAlignment>
                <StyleScheme />
                <ButtonType>Icon</ButtonType>
                <Image>[Localization!Global_Images:Up_16x16]</Image>
                <OnClientClick />
                <OnClickAction>
                  <ResourceKey>cmdSetAvg</ResourceKey>
                  <Action typeName="Sage.Platform.QuickForms.ActionItems.CSharpSnippetActionItem, Sage.Platform.QuickForms">
                    <CSharpSnippetActionItem>
                      <MethodName>cmdSetAvg_ClickAction</MethodName>
                      <CSharpCodeSnippet>	Sage.Entity.Interfaces.IForecast forecast = (Sage.Entity.Interfaces.IForecast) this.BindingSource.Current;
	forecast.Amount = Convert.ToDecimal(this.curAmountAvg.Text);
    this.Refresh();	</CSharpCodeSnippet>
                    </CSharpSnippetActionItem>
                  </Action>
                  <IsDialogCloseAction>False</IsDialogCloseAction>
                  <RunOnEveryRePaint>False</RunOnEveryRePaint>
                  <DialogActionResult>NoResult</DialogActionResult>
                  <PerformsUpdate>False</PerformsUpdate>
                  <AppliedSecurity />
                  <RefreshData>False</RefreshData>
                </OnClickAction>
              </QFButton>
            </Control>
          </ControlsCollection>
        </Controls>
      </QFControlsList>
    </Control>
    <Control typeName="Sage.Platform.QuickForms.QFControls.QFControlsList, Sage.Platform.QuickForms.QFControls">
      <QFControlsList>
        <Column>4</Column>
        <Row>10</Row>
        <HotKey>0</HotKey>
        <TabIndex>0</TabIndex>
        <ControlId>ctlAmtMax</ControlId>
        <DataBindings />
        <ControlLabelPlacement>left</ControlLabelPlacement>
        <ExtendedProperties />
        <CaptionAlignment>left</CaptionAlignment>
        <StyleScheme />
        <Caption />
        <Controls>
          <ControlsCollection>
            <Control TypeName="Sage.SalesLogix.QuickForms.QFControls.QFSLXCurrency, Sage.SalesLogix.QuickForms.QFControls">
              <QFSLXCurrency>
                <Column>0</Column>
                <Row>0</Row>
                <IsReadOnly>true</IsReadOnly>
                <HotKey>0</HotKey>
                <TabIndex>0</TabIndex>
                <ControlId>curAmountMax</ControlId>
                <DataBindings />
                <ControlLabelPlacement>left</ControlLabelPlacement>
                <ExtendedProperties />
                <CaptionAlignment>left</CaptionAlignment>
                <StyleScheme />
                <OnChangeAction>
                  <ResourceKey>curAmountMax</ResourceKey>
                  <Action typeName="Sage.Platform.QuickForms.ActionItems.NoActionActionItem, Sage.Platform.QuickForms">
                    <NoActionActionItem>
                      <MethodName />
                    </NoActionActionItem>
                  </Action>
                  <IsDialogCloseAction>False</IsDialogCloseAction>
                  <RunOnEveryRePaint>False</RunOnEveryRePaint>
                  <DialogActionResult>NoResult</DialogActionResult>
                  <PerformsUpdate>False</PerformsUpdate>
                  <AppliedSecurity />
                  <RefreshData>False</RefreshData>
                </OnChangeAction>
                <Required>false</Required>
                <CurrentCode />
                <ExchangeRate>1</ExchangeRate>
                <ExchangeRateType>BaseRate</ExchangeRateType>
                <DisplayMode>AsText</DisplayMode>
                <DecimalDigits>-1</DecimalDigits>
              </QFSLXCurrency>
            </Control>
            <Control TypeName="Sage.Platform.QuickForms.Controls.QFButton, Sage.Platform.QuickForms">
              <QFButton>
                <Column>0</Column>
                <Row>0</Row>
                <HotKey>0</HotKey>
                <TabIndex>0</TabIndex>
                <ControlId>cmdSetMax</ControlId>
                <DataBindings />
                <ControlLabelPlacement>none</ControlLabelPlacement>
                <ExtendedProperties />
                <CaptionAlignment>left</CaptionAlignment>
                <StyleScheme />
                <ButtonType>Icon</ButtonType>
                <Image>[Localization!Global_Images:Up_16x16]</Image>
                <OnClientClick />
                <OnClickAction>
                  <ResourceKey>cmdSetMax</ResourceKey>
                  <Action typeName="Sage.Platform.QuickForms.ActionItems.CSharpSnippetActionItem, Sage.Platform.QuickForms">
                    <CSharpSnippetActionItem>
                      <MethodName>cmdSetMax_ClickAction</MethodName>
                      <CSharpCodeSnippet>	Sage.Entity.Interfaces.IForecast forecast = (Sage.Entity.Interfaces.IForecast) this.BindingSource.Current;
	forecast.Amount = Convert.ToDecimal(this.curAmountMax.Text);
    this.Refresh();	</CSharpCodeSnippet>
                    </CSharpSnippetActionItem>
                  </Action>
                  <IsDialogCloseAction>False</IsDialogCloseAction>
                  <RunOnEveryRePaint>False</RunOnEveryRePaint>
                  <DialogActionResult>NoResult</DialogActionResult>
                  <PerformsUpdate>False</PerformsUpdate>
                  <AppliedSecurity />
                  <RefreshData>False</RefreshData>
                </OnClickAction>
              </QFButton>
            </Control>
          </ControlsCollection>
        </Controls>
      </QFControlsList>
    </Control>
  </Controls>
  <ToolControls>
    <Control typeName="Sage.Platform.QuickForms.Controls.QFElementSpacer, Sage.Platform.QuickForms">
      <QFElementSpacer>
        <Column>0</Column>
        <Row>0</Row>
        <HotKey>0</HotKey>
        <TabIndex>0</TabIndex>
        <ControlId>c7525ca6cf84d4ea7065c5405776535</ControlId>
        <DataBindings />
        <ControlLabelPlacement>left</ControlLabelPlacement>
        <ExtendedProperties />
        <CaptionAlignment>left</CaptionAlignment>
        <StyleScheme />
      </QFElementSpacer>
    </Control>
    <Control typeName="Sage.Platform.QuickForms.Controls.QFElementSpacer, Sage.Platform.QuickForms">
      <QFElementSpacer>
        <Column>0</Column>
        <Row>0</Row>
        <HotKey>0</HotKey>
        <TabIndex>0</TabIndex>
        <ControlId>d75e151c8c8f4cc8adbd2339693bc89e</ControlId>
        <DataBindings />
        <ControlLabelPlacement>left</ControlLabelPlacement>
        <ExtendedProperties />
        <CaptionAlignment>left</CaptionAlignment>
        <StyleScheme />
      </QFElementSpacer>
    </Control>
  </ToolControls>
  <Columns>
    <ColumnStyle>
      <SizeType>Percent</SizeType>
      <Width>10</Width>
    </ColumnStyle>
    <ColumnStyle>
      <SizeType>Percent</SizeType>
      <Width>22.5</Width>
    </ColumnStyle>
    <ColumnStyle>
      <SizeType>Percent</SizeType>
      <Width>22.5</Width>
    </ColumnStyle>
    <ColumnStyle>
      <SizeType>Percent</SizeType>
      <Width>22.5</Width>
    </ColumnStyle>
    <ColumnStyle>
      <SizeType>Percent</SizeType>
      <Width>22.5</Width>
    </ColumnStyle>
  </Columns>
  <Rows>
    <RowStyle>
      <SizeType>Absolute</SizeType>
      <Height>35</Height>
    </RowStyle>
    <RowStyle>
      <SizeType>Absolute</SizeType>
      <Height>35</Height>
    </RowStyle>
    <RowStyle>
      <SizeType>Absolute</SizeType>
      <Height>35</Height>
    </RowStyle>
    <RowStyle>
      <SizeType>Absolute</SizeType>
      <Height>35</Height>
    </RowStyle>
    <RowStyle>
      <SizeType>Absolute</SizeType>
      <Height>35</Height>
    </RowStyle>
    <RowStyle>
      <SizeType>Absolute</SizeType>
      <Height>35</Height>
    </RowStyle>
    <RowStyle>
      <SizeType>Absolute</SizeType>
      <Height>35</Height>
    </RowStyle>
    <RowStyle>
      <SizeType>Absolute</SizeType>
      <Height>35</Height>
    </RowStyle>
    <RowStyle>
      <SizeType>Absolute</SizeType>
      <Height>35</Height>
    </RowStyle>
    <RowStyle>
      <SizeType>Absolute</SizeType>
      <Height>35</Height>
    </RowStyle>
    <RowStyle>
      <SizeType>Absolute</SizeType>
      <Height>35</Height>
    </RowStyle>
  </Rows>
  <Description />
  <UseEntityNameAsTitle>true</UseEntityNameAsTitle>
  <EntityTypeName>IForecast</EntityTypeName>
  <DefaultNamespace>Sage.Entity.Interfaces</DefaultNamespace>
  <AssemblyName>Sage.Entity.Interfaces</AssemblyName>
</QuickForm>