<?xml version="1.0"?>
<NavigationItem xmlns:xsi="http://www.w3.org/2001/XMLSchema-instance" xmlns:xsd="http://www.w3.org/2001/XMLSchema" id="34e910a7-cd48-4b06-88ee-5ebc1a143a29">
  <ItemId>navQuota</ItemId>
  <NavUrl>Quota.aspx</NavUrl>
  <LargeImageUrl>[Localization!Global_Images:currency_dollar32]</LargeImageUrl>
  <SmallImageUrl>[Localization!Global_Images:currency_dollar24]</SmallImageUrl>
  <ContextMenuId>contextQuota</ContextMenuId>
  <Target />
  <AppliedSecurity>Entities/Quota/View</AppliedSecurity>
</NavigationItem>