<?xml version="1.0"?>
<PortalPage xmlns:xsi="http://www.w3.org/2001/XMLSchema-instance" xmlns:xsd="http://www.w3.org/2001/XMLSchema" id="6b8ff302-766b-464d-8bc1-9e9b2e261a44">
  <PageAlias>InsertBulletin</PageAlias>
  <SmallImage>[Localization!Global_Images:Bulletin_16x16]</SmallImage>
  <LargeImage>[Localization!Global_Images:Bulletin_24x24]</LargeImage>
  <TemplateUrl>Masters\base.master</TemplateUrl>
  <InheritTemplate>false</InheritTemplate>
  <InheritsFrom>Sage.Platform.WebPortal.EntityPage, Sage.Platform.WebPortal</InheritsFrom>
  <Properties>
    <Property Name="EntityTypeName" TypeConverter="">Sage.Entity.Interfaces.IBulletin, Sage.Entity.Interfaces, Version=0.0.0.0, Culture=neutral, PublicKeyToken=null</Property>
  </Properties>
  <TemplateProperties>
    <Property Name="IncludeMiddlePane" TypeConverter="">False</Property>
    <Property Name="IncludeMoreTabsTab" TypeConverter="">False</Property>
    <Property Name="IncludeTaskPane" TypeConverter="">False</Property>
  </TemplateProperties>
  <IsDefaultPage>false</IsDefaultPage>
  <ExcludedGlobalModules />
  <AppliedSecurity />
  <IncludeScript />
</PortalPage>