<?xml version="1.0"?>
<method xmlns:xsi="http://www.w3.org/2001/XMLSchema-instance" xmlns:xsd="http://www.w3.org/2001/XMLSchema" id="a5f920c2-dc3d-4e5a-bb39-205e6824c376" lastModifiedUtc="2013-08-12T21:34:53.7330667Z" name="PercentOfQuota" returnType="Double" methodType="Rule" actionType="None" returnMode="Object">
  <extendedMetaData />
  <ExtendedPropertiesCollection>
    <extendee type="Sage.Platform.Orm.Entities.OrmEntityMethod" />
  </ExtendedPropertiesCollection>
  <parameter />
  <preExecuteTargets />
  <methodTargets>
    <methodTarget xsi:type="OrmMethodTargetSnippet" id="5965324c-dc65-4407-aa69-f1f46f970281" lastModifiedUtc="2013-08-13T04:43:50.4650115Z" targetType="Sage.BusinessRules.CodeSnippets.ForecastBusinessRules, Sage.SnippetLibrary.CSharp" targetMethod="PercentOfQuotaStep" active="true" codeSnippetId="c1ba46d3-9c0f-497c-86ac-700443766d17">
      <ExtendedPropertiesCollection>
        <extendee type="Sage.Platform.Orm.Entities.OrmMethodTargetSnippet" />
      </ExtendedPropertiesCollection>
    </methodTarget>
  </methodTargets>
  <postExecuteTargets />
  <postFlushTargets />
</method>