<?xml version="1.0"?>
<relationship xmlns:xsi="http://www.w3.org/2001/XMLSchema-instance" xmlns:xsd="http://www.w3.org/2001/XMLSchema" id="6b347406-57d0-40fd-ac3d-4433b4e2b5ff" lastModifiedUtc="2012-05-07T20:34:04.9518907Z" cardinality="M:1" parentEntityId="9b93c064-031c-4319-bd57-cb4a8b5ae176" childEntityId="548a40fe-5105-45fe-9b41-e907948cbf32">
  <extendedMetaData />
  <ExtendedPropertiesCollection>
    <extendee type="Sage.Platform.Orm.Entities.OrmRelationship" />
  </ExtendedPropertiesCollection>
  <parentProperty id="33f5bf16-d03c-46e2-bb9c-703fd1f1d0f6" lastModifiedUtc="2012-05-07T20:33:56.1813829Z" name="DeliverySystem" audited="false">
    <ExtendedPropertiesCollection>
      <extendee type="Sage.Platform.Orm.Entities.OrmRelationProperty">
        <extender guid="ae60621d-9d91-3d9a-b9fb-eb6c8be12131">
          <OrmEntityPropertySDataExtension generate="true" />
        </extender>
      </extendee>
    </ExtendedPropertiesCollection>
    <SystemDataType guid="2f770d03-c93c-4605-8ae8-7cdae04830d7">
      <RelationshipDataType />
    </SystemDataType>
  </parentProperty>
  <childProperty id="aaaf3704-24c1-4f92-b622-8a2ae14ab2a0" lastModifiedUtc="2012-05-07T20:33:56.183336Z" name="DeliveryItem" audited="false" include="false">
    <ExtendedPropertiesCollection>
      <extendee type="Sage.Platform.Orm.Entities.OrmRelationProperty">
        <extender guid="ae60621d-9d91-3d9a-b9fb-eb6c8be12131">
          <OrmEntityPropertySDataExtension generate="true" />
        </extender>
      </extendee>
    </ExtendedPropertiesCollection>
    <SystemDataType guid="2f770d03-c93c-4605-8ae8-7cdae04830d7">
      <RelationshipDataType />
    </SystemDataType>
  </childProperty>
  <column>
    <OrmRelationshipColumn id="de8af9ac-5914-439c-9b22-7a8be2efbf6e" parentPropertyId="c3e3714c-707a-47de-9fe0-b2b91677b340" childPropertyId="1a3cbb3e-a6ff-49a1-8dee-9b88cc515f2a" ordinal="0" />
  </column>
</relationship>