<?xml version="1.0"?>
<relationship xmlns:xsi="http://www.w3.org/2001/XMLSchema-instance" xmlns:xsd="http://www.w3.org/2001/XMLSchema" id="c380c8e5-e7af-4a40-bd10-62a99c1d866d" lastModifiedUtc="2012-05-04T14:49:53.3199063Z" parentEntityId="9b93c064-031c-4319-bd57-cb4a8b5ae176" childEntityId="a390f2eb-3dfe-47f1-bcb7-c55ada113770">
  <extendedMetaData />
  <ExtendedPropertiesCollection>
    <extendee type="Sage.Platform.Orm.Entities.OrmRelationship" />
  </ExtendedPropertiesCollection>
  <parentProperty id="3460df19-b569-4e78-83f2-4e91bc0cd323" lastModifiedUtc="2012-05-04T14:49:44.0318203Z" name="DeliveryItemTargets" audited="false">
    <ExtendedPropertiesCollection>
      <extendee type="Sage.Platform.Orm.Entities.OrmRelationProperty">
        <extender guid="ae60621d-9d91-3d9a-b9fb-eb6c8be12131">
          <OrmEntityPropertySDataExtension generate="true" />
        </extender>
      </extendee>
    </ExtendedPropertiesCollection>
    <SystemDataType guid="2f770d03-c93c-4605-8ae8-7cdae04830d7">
      <RelationshipDataType />
    </SystemDataType>
  </parentProperty>
  <childProperty id="c9077193-0240-444f-97aa-9c2c3a705f37" lastModifiedUtc="2012-05-04T14:49:44.03475Z" name="DeliveryItem" audited="false">
    <ExtendedPropertiesCollection>
      <extendee type="Sage.Platform.Orm.Entities.OrmRelationProperty">
        <extender guid="ae60621d-9d91-3d9a-b9fb-eb6c8be12131">
          <OrmEntityPropertySDataExtension generate="true" />
        </extender>
      </extendee>
    </ExtendedPropertiesCollection>
    <SystemDataType guid="2f770d03-c93c-4605-8ae8-7cdae04830d7">
      <RelationshipDataType />
    </SystemDataType>
  </childProperty>
  <column>
    <OrmRelationshipColumn id="b9ccc48a-f7a1-4cce-ba86-f52eda2cdbb1" parentPropertyId="802d1fc6-47bf-4f12-99e4-8fc797e2a6b6" childPropertyId="7960cdaa-6b4e-4844-8747-9db6cef1fbfc" ordinal="0" />
  </column>
</relationship>