<?xml version="1.0"?>
<QuickForm xmlns:xsi="http://www.w3.org/2001/XMLSchema-instance" xmlns:xsd="http://www.w3.org/2001/XMLSchema" id="d69ee78a-e0f2-43ea-a95a-63e9f28eed6a" DefinitionType="Sage.Platform.QuickForms.QuickFormMainDetailViewDefinition, Sage.Platform.QuickForms">
  <ActiveControl />
  <ImagePath />
  <LoadActions />
  <Name>DeliveryItemTargets</Name>
  <ClientScriptIncludes />
  <ClientResourceKeys />
  <ExtendedProperties />
  <HelpFile />
  <ReadOnly>false</ReadOnly>
  <GeneratePrintView>false</GeneratePrintView>
  <Controls>
    <Control typeName="Sage.SalesLogix.QuickForms.QFControls.QFDataGrid, Sage.SalesLogix.QuickForms.QFControls">
      <QFDataGrid>
        <Column>0</Column>
        <Row>0</Row>
        <IsReadOnly>false</IsReadOnly>
        <HotKey>0</HotKey>
        <TabIndex>0</TabIndex>
        <ControlId>grdDeliveryItemTargets</ControlId>
        <DataBindings />
        <ControlLabelPlacement>none</ControlLabelPlacement>
        <ExtendedProperties />
        <CaptionAlignment>left</CaptionAlignment>
        <StyleScheme />
        <DataSource>dsDeliveryItemTargets</DataSource>
        <EnablePaging>true</EnablePaging>
        <EnableSorting>true</EnableSorting>
        <ExpandableRows>false</ExpandableRows>
        <Columns>
          <QFDataGridCol>
            <StyleScheme />
            <DataField>Type</DataField>
            <ColumnId>65558e63-5545-440b-a0c3-43c36458c1d3</ColumnId>
            <HorizontalAlignment>left</HorizontalAlignment>
            <HeaderAlignment>left</HeaderAlignment>
            <SortDirection>Ascending</SortDirection>
            <IsSortable>true</IsSortable>
            <SortField>Type</SortField>
            <MultiCurrencyDependent>false</MultiCurrencyDependent>
          </QFDataGridCol>
          <QFDataGridCol>
            <StyleScheme />
            <DataField>Address</DataField>
            <ColumnId>e6e02475-6e08-4f67-9872-8409d1a5cfb3</ColumnId>
            <HorizontalAlignment>left</HorizontalAlignment>
            <HeaderAlignment>left</HeaderAlignment>
            <SortDirection>Ascending</SortDirection>
            <IsSortable>true</IsSortable>
            <SortField>Address</SortField>
            <MultiCurrencyDependent>false</MultiCurrencyDependent>
          </QFDataGridCol>
          <QFDeleteCol>
            <StyleScheme />
            <DataField />
            <ColumnId>22737367-a8ea-4e14-bbca-1e339655729d</ColumnId>
            <HorizontalAlignment>left</HorizontalAlignment>
            <HeaderAlignment>left</HeaderAlignment>
            <SortDirection>None</SortDirection>
            <IsSortable>false</IsSortable>
            <MultiCurrencyDependent>false</MultiCurrencyDependent>
            <BusinessRule />
            <BusinessRuleParameters />
            <AppliedSecurity />
          </QFDeleteCol>
        </Columns>
        <RenderVertical>false</RenderVertical>
        <OnRowSelectedAction>
          <ResourceKey>grdDeliveryItemTargets</ResourceKey>
          <Action typeName="Sage.Platform.QuickForms.ActionItems.NoActionActionItem, Sage.Platform.QuickForms">
            <NoActionActionItem>
              <MethodName />
            </NoActionActionItem>
          </Action>
          <IsDialogCloseAction>False</IsDialogCloseAction>
          <RunOnEveryRePaint>False</RunOnEveryRePaint>
          <DialogActionResult>NoResult</DialogActionResult>
          <PerformsUpdate>False</PerformsUpdate>
          <AppliedSecurity />
          <RefreshData>False</RefreshData>
        </OnRowSelectedAction>
      </QFDataGrid>
    </Control>
    <Control typeName="Sage.Platform.QuickForms.QFControls.QFDataSource, Sage.Platform.QuickForms.QFControls">
      <QFDataSource>
        <Column>0</Column>
        <Row>1</Row>
        <IsReadOnly>false</IsReadOnly>
        <Visible>false</Visible>
        <HotKey>48</HotKey>
        <TabIndex>0</TabIndex>
        <ControlId>dsDeliveryItemTargets</ControlId>
        <DataBindings />
        <ControlLabelPlacement>none</ControlLabelPlacement>
        <ExtendedProperties />
        <CaptionAlignment>left</CaptionAlignment>
        <StyleScheme />
        <EntityTypeName>DeliveryItemTarget</EntityTypeName>
        <GetByMethod />
        <GetByProperty>DeliveryItemTargets</GetByProperty>
        <UseSmartSelection>true</UseSmartSelection>
        <DataOptional>false</DataOptional>
      </QFDataSource>
    </Control>
  </Controls>
  <ToolControls>
    <Control typeName="Sage.Platform.QuickForms.Controls.QFElementSpacer, Sage.Platform.QuickForms">
      <QFElementSpacer>
        <Column>0</Column>
        <Row>0</Row>
        <IsReadOnly>false</IsReadOnly>
        <HotKey>0</HotKey>
        <TabIndex>0</TabIndex>
        <ControlId>d2da599ab0004dfda29ce033bec5db2b</ControlId>
        <DataBindings />
        <ControlLabelPlacement>left</ControlLabelPlacement>
        <ExtendedProperties />
        <CaptionAlignment>left</CaptionAlignment>
        <StyleScheme />
      </QFElementSpacer>
    </Control>
    <Control typeName="Sage.Platform.QuickForms.Controls.QFElementSpacer, Sage.Platform.QuickForms">
      <QFElementSpacer>
        <Column>0</Column>
        <Row>0</Row>
        <IsReadOnly>false</IsReadOnly>
        <HotKey>0</HotKey>
        <TabIndex>0</TabIndex>
        <ControlId>b24894ac2f9e42ac9f68bf0ecdf5fa09</ControlId>
        <DataBindings />
        <ControlLabelPlacement>left</ControlLabelPlacement>
        <ExtendedProperties />
        <CaptionAlignment>left</CaptionAlignment>
        <StyleScheme />
      </QFElementSpacer>
    </Control>
  </ToolControls>
  <Columns>
    <ColumnStyle>
      <SizeType>Percent</SizeType>
      <Width>100</Width>
    </ColumnStyle>
  </Columns>
  <Rows>
    <RowStyle>
      <SizeType>Absolute</SizeType>
      <Height>100</Height>
    </RowStyle>
  </Rows>
  <Description />
  <UseEntityNameAsTitle>true</UseEntityNameAsTitle>
  <EntityTypeName>IDeliveryItem</EntityTypeName>
  <DefaultNamespace>Sage.Entity.Interfaces</DefaultNamespace>
  <AssemblyName>Sage.Entity.Interfaces</AssemblyName>
</QuickForm>