<?xml version="1.0"?>
<QuickForm xmlns:xsi="http://www.w3.org/2001/XMLSchema-instance" xmlns:xsd="http://www.w3.org/2001/XMLSchema" id="41dc09fc-8258-463d-8186-10f38f54ed98" DefinitionType="Sage.Platform.QuickForms.QuickFormMainDetailViewDefinition, Sage.Platform.QuickForms">
  <ActiveControl />
  <ImagePath />
  <LoadActions />
  <Name>DeliveryItemDetails</Name>
  <ClientScriptIncludes />
  <ClientResourceKeys />
  <ExtendedProperties />
  <HelpFile />
  <ReadOnly>false</ReadOnly>
  <GeneratePrintView>false</GeneratePrintView>
  <Controls>
    <Control typeName="Sage.Platform.QuickForms.Controls.QFTextBox, Sage.Platform.QuickForms">
      <QFTextBox>
        <ColumnSpan>3</ColumnSpan>
        <Column>0</Column>
        <Row>0</Row>
        <IsReadOnly>false</IsReadOnly>
        <HotKey>0</HotKey>
        <TabIndex>0</TabIndex>
        <ControlId>Description</ControlId>
        <DataBindings>
          <QuickFormPropertyDataBindingDefinition>
            <DataSourceID>MainEntity</DataSourceID>
            <DataItemName>Description</DataItemName>
            <ControlItemName>Text</ControlItemName>
            <FormatString />
            <NullValueString />
          </QuickFormPropertyDataBindingDefinition>
        </DataBindings>
        <ControlLabelPlacement>left</ControlLabelPlacement>
        <ExtendedProperties />
        <CaptionAlignment>left</CaptionAlignment>
        <StyleScheme />
        <MaxLength>255</MaxLength>
        <OnChangeAction>
          <ResourceKey>Description</ResourceKey>
          <Action typeName="Sage.Platform.QuickForms.ActionItems.NoActionActionItem, Sage.Platform.QuickForms">
            <NoActionActionItem>
              <MethodName />
            </NoActionActionItem>
          </Action>
          <IsDialogCloseAction>False</IsDialogCloseAction>
          <RunOnEveryRePaint>False</RunOnEveryRePaint>
          <DialogActionResult>NoResult</DialogActionResult>
          <PerformsUpdate>False</PerformsUpdate>
          <AppliedSecurity />
          <RefreshData>False</RefreshData>
        </OnChangeAction>
        <Required>false</Required>
      </QFTextBox>
    </Control>
    <Control typeName="Sage.SalesLogix.QuickForms.QFControls.QFSLXLookup, Sage.SalesLogix.QuickForms.QFControls">
      <QFSLXLookup>
        <ColumnSpan>2</ColumnSpan>
        <Column>0</Column>
        <Row>1</Row>
        <IsReadOnly>false</IsReadOnly>
        <HotKey>0</HotKey>
        <TabIndex>0</TabIndex>
        <ControlId>DeliverySystem</ControlId>
        <DataBindings>
          <QuickFormPropertyDataBindingDefinition>
            <DataSourceID>MainEntity</DataSourceID>
            <DataItemName>DeliverySystem.SystemName</DataItemName>
            <ControlItemName>LookupResultValue</ControlItemName>
            <FormatString />
            <NullValueString />
          </QuickFormPropertyDataBindingDefinition>
        </DataBindings>
        <ControlLabelPlacement>left</ControlLabelPlacement>
        <ExtendedProperties />
        <CaptionAlignment>left</CaptionAlignment>
        <StyleScheme />
        <OnChangeAction>
          <ResourceKey>DeliverySystem</ResourceKey>
          <Action typeName="Sage.Platform.QuickForms.ActionItems.NoActionActionItem, Sage.Platform.QuickForms">
            <NoActionActionItem>
              <MethodName />
            </NoActionActionItem>
          </Action>
          <IsDialogCloseAction>False</IsDialogCloseAction>
          <RunOnEveryRePaint>False</RunOnEveryRePaint>
          <DialogActionResult>NoResult</DialogActionResult>
          <PerformsUpdate>False</PerformsUpdate>
          <AppliedSecurity />
          <RefreshData>False</RefreshData>
        </OnChangeAction>
        <Required>true</Required>
        <LookupImage />
        <LookupDialogWidth xsi:nil="true" />
        <LookupDialogHeight xsi:nil="true" />
        <LookupDisplayMode>DropDownList</LookupDisplayMode>
        <LookupBindingMode>Object</LookupBindingMode>
        <LookupResultValue xsi:type="xsd:string" />
        <SeedProperty />
        <SeedValue />
        <DropDownDisplayProperty>SystemName</DropDownDisplayProperty>
        <AddEmptyListItem>false</AddEmptyListItem>
        <AllowClearingResult>false</AllowClearingResult>
        <OverrideSeedOnSearch>false</OverrideSeedOnSearch>
        <LookupEntityName>DeliverySystem</LookupEntityName>
        <LookupEntityTypeName>Sage.Entity.Interfaces.IDeliverySystem, Sage.Entity.Interfaces, Version=0.0.0.0, Culture=neutral, PublicKeyToken=null</LookupEntityTypeName>
        <AutoPostBack>false</AutoPostBack>
        <EnableHyperLinking>false</EnableHyperLinking>
        <InitializeLookup>false</InitializeLookup>
        <LookupProperties />
        <LookupPreFilters />
      </QFSLXLookup>
    </Control>
    <Control typeName="Sage.SalesLogix.QuickForms.QFControls.QFSLXPickList, Sage.SalesLogix.QuickForms.QFControls">
      <QFSLXPickList>
        <Column>0</Column>
        <Row>2</Row>
        <IsReadOnly>false</IsReadOnly>
        <HotKey>0</HotKey>
        <TabIndex>0</TabIndex>
        <ControlId>pklStatus</ControlId>
        <DataBindings>
          <QuickFormPropertyDataBindingDefinition>
            <DataSourceID>MainEntity</DataSourceID>
            <DataItemName>Status</DataItemName>
            <ControlItemName>PickListValue</ControlItemName>
            <FormatString />
            <NullValueString />
          </QuickFormPropertyDataBindingDefinition>
        </DataBindings>
        <ControlLabelPlacement>left</ControlLabelPlacement>
        <ExtendedProperties />
        <CaptionAlignment>left</CaptionAlignment>
        <StyleScheme />
        <MaxLength>64</MaxLength>
        <OnChangeAction>
          <ResourceKey>pklStatus</ResourceKey>
          <Action typeName="Sage.Platform.QuickForms.ActionItems.NoActionActionItem, Sage.Platform.QuickForms">
            <NoActionActionItem>
              <MethodName />
            </NoActionActionItem>
          </Action>
          <IsDialogCloseAction>False</IsDialogCloseAction>
          <RunOnEveryRePaint>False</RunOnEveryRePaint>
          <DialogActionResult>NoResult</DialogActionResult>
          <PerformsUpdate>False</PerformsUpdate>
          <AppliedSecurity />
          <RefreshData>False</RefreshData>
        </OnChangeAction>
        <Required>false</Required>
        <AutoPostBack>false</AutoPostBack>
        <PickListName>Delivery Item Status</PickListName>
        <StorageMode>Text</StorageMode>
        <NameFormatString />
        <AllowMultiples>false</AllowMultiples>
        <AlphaSort>false</AlphaSort>
        <CanEditText>false</CanEditText>
        <MustExistInList>true</MustExistInList>
        <NoneEditable>false</NoneEditable>
        <PickListId />
        <ValueStoredAsText>true</ValueStoredAsText>
      </QFSLXPickList>
    </Control>
    <Control typeName="Sage.Platform.QuickForms.Controls.QFTextBox, Sage.Platform.QuickForms">
      <QFTextBox>
        <ColumnSpan>3</ColumnSpan>
        <Column>0</Column>
        <Row>3</Row>
        <IsReadOnly>false</IsReadOnly>
        <HotKey>0</HotKey>
        <TabIndex>0</TabIndex>
        <ControlId>Subject</ControlId>
        <DataBindings>
          <QuickFormPropertyDataBindingDefinition>
            <DataSourceID>MainEntity</DataSourceID>
            <DataItemName>Subject</DataItemName>
            <ControlItemName>Text</ControlItemName>
            <FormatString />
            <NullValueString />
          </QuickFormPropertyDataBindingDefinition>
        </DataBindings>
        <ControlLabelPlacement>left</ControlLabelPlacement>
        <ExtendedProperties />
        <CaptionAlignment>left</CaptionAlignment>
        <StyleScheme />
        <MaxLength>255</MaxLength>
        <OnChangeAction>
          <ResourceKey>Subject</ResourceKey>
          <Action typeName="Sage.Platform.QuickForms.ActionItems.NoActionActionItem, Sage.Platform.QuickForms">
            <NoActionActionItem>
              <MethodName />
            </NoActionActionItem>
          </Action>
          <IsDialogCloseAction>False</IsDialogCloseAction>
          <RunOnEveryRePaint>False</RunOnEveryRePaint>
          <DialogActionResult>NoResult</DialogActionResult>
          <PerformsUpdate>False</PerformsUpdate>
          <AppliedSecurity />
          <RefreshData>False</RefreshData>
        </OnChangeAction>
        <Required>false</Required>
      </QFTextBox>
    </Control>
    <Control typeName="Sage.Platform.QuickForms.Controls.QFTextBox, Sage.Platform.QuickForms">
      <QFTextBox>
        <ColumnSpan>3</ColumnSpan>
        <RowSpan>6</RowSpan>
        <Column>0</Column>
        <Row>4</Row>
        <IsReadOnly>false</IsReadOnly>
        <HotKey>0</HotKey>
        <TabIndex>0</TabIndex>
        <ControlId>BodyText</ControlId>
        <DataBindings>
          <QuickFormPropertyDataBindingDefinition>
            <DataSourceID>MainEntity</DataSourceID>
            <DataItemName>Body</DataItemName>
            <ControlItemName>Text</ControlItemName>
            <FormatString />
            <NullValueString />
          </QuickFormPropertyDataBindingDefinition>
        </DataBindings>
        <ControlLabelPlacement>left</ControlLabelPlacement>
        <ExtendedProperties />
        <CaptionAlignment>left</CaptionAlignment>
        <StyleScheme />
        <MaxLength>2147483647</MaxLength>
        <Lines>12</Lines>
        <OnChangeAction>
          <ResourceKey>BodyText</ResourceKey>
          <Action typeName="Sage.Platform.QuickForms.ActionItems.NoActionActionItem, Sage.Platform.QuickForms">
            <NoActionActionItem>
              <MethodName />
            </NoActionActionItem>
          </Action>
          <IsDialogCloseAction>False</IsDialogCloseAction>
          <RunOnEveryRePaint>False</RunOnEveryRePaint>
          <DialogActionResult>NoResult</DialogActionResult>
          <PerformsUpdate>False</PerformsUpdate>
          <AppliedSecurity />
          <RefreshData>False</RefreshData>
        </OnChangeAction>
        <Required>false</Required>
      </QFTextBox>
    </Control>
    <Control typeName="Sage.SalesLogix.QuickForms.QFControls.QFDateTimePicker, Sage.SalesLogix.QuickForms.QFControls">
      <QFDateTimePicker>
        <Column>1</Column>
        <Row>2</Row>
        <IsReadOnly>false</IsReadOnly>
        <HotKey>0</HotKey>
        <TabIndex>0</TabIndex>
        <ControlId>CompleteDateTime</ControlId>
        <DataBindings>
          <QuickFormPropertyDataBindingDefinition>
            <DataSourceID>MainEntity</DataSourceID>
            <DataItemName>CompletedDate</DataItemName>
            <ControlItemName>DateTimeValue</ControlItemName>
            <FormatString />
            <NullValueString />
          </QuickFormPropertyDataBindingDefinition>
        </DataBindings>
        <ControlLabelPlacement>left</ControlLabelPlacement>
        <ExtendedProperties />
        <CaptionAlignment>left</CaptionAlignment>
        <StyleScheme />
        <OnChangeAction>
          <ResourceKey>CompleteDateTime</ResourceKey>
          <Action typeName="Sage.Platform.QuickForms.ActionItems.NoActionActionItem, Sage.Platform.QuickForms">
            <NoActionActionItem>
              <MethodName />
            </NoActionActionItem>
          </Action>
          <IsDialogCloseAction>False</IsDialogCloseAction>
          <RunOnEveryRePaint>False</RunOnEveryRePaint>
          <DialogActionResult>NoResult</DialogActionResult>
          <PerformsUpdate>False</PerformsUpdate>
          <AppliedSecurity />
          <RefreshData>False</RefreshData>
        </OnChangeAction>
        <Required>false</Required>
        <DateTimeValue xsi:nil="true" />
        <SelectedDateTime>0001-01-01T00:00:00</SelectedDateTime>
        <DateOnly>false</DateOnly>
        <DisplayTime>true</DisplayTime>
        <BoundFieldType>DateTime</BoundFieldType>
        <AutoPostBack>false</AutoPostBack>
        <Timeless>false</Timeless>
      </QFDateTimePicker>
    </Control>
  </Controls>
  <ToolControls>
    <Control typeName="Sage.Platform.QuickForms.Controls.QFElementSpacer, Sage.Platform.QuickForms">
      <QFElementSpacer>
        <Column>0</Column>
        <Row>0</Row>
        <IsReadOnly>false</IsReadOnly>
        <HotKey>0</HotKey>
        <TabIndex>0</TabIndex>
        <ControlId />
        <DataBindings />
        <ControlLabelPlacement>left</ControlLabelPlacement>
        <ExtendedProperties />
        <CaptionAlignment>left</CaptionAlignment>
        <StyleScheme />
      </QFElementSpacer>
    </Control>
    <Control typeName="Sage.Platform.QuickForms.Controls.QFElementSpacer, Sage.Platform.QuickForms">
      <QFElementSpacer>
        <Column>0</Column>
        <Row>0</Row>
        <IsReadOnly>false</IsReadOnly>
        <HotKey>0</HotKey>
        <TabIndex>0</TabIndex>
        <ControlId />
        <DataBindings />
        <ControlLabelPlacement>left</ControlLabelPlacement>
        <ExtendedProperties />
        <CaptionAlignment>left</CaptionAlignment>
        <StyleScheme />
      </QFElementSpacer>
    </Control>
    <Control typeName="Sage.SalesLogix.QuickForms.QFControls.QFSLXGroupNavigator, Sage.SalesLogix.QuickForms.QFControls">
      <QFSLXGroupNavigator>
        <Column>0</Column>
        <Row>0</Row>
        <IsReadOnly>false</IsReadOnly>
        <HotKey>48</HotKey>
        <TabIndex>0</TabIndex>
        <ControlId>QFSLXGroupNavigator</ControlId>
        <DataBindings />
        <ControlLabelPlacement>none</ControlLabelPlacement>
        <ExtendedProperties />
        <CaptionAlignment>left</CaptionAlignment>
        <StyleScheme />
      </QFSLXGroupNavigator>
    </Control>
    <Control typeName="Sage.Platform.QuickForms.Controls.QFButton, Sage.Platform.QuickForms">
      <QFButton>
        <Column>0</Column>
        <Row>0</Row>
        <IsReadOnly>false</IsReadOnly>
        <HotKey>0</HotKey>
        <TabIndex>0</TabIndex>
        <ControlId>cmdSave</ControlId>
        <DataBindings />
        <ControlLabelPlacement>none</ControlLabelPlacement>
        <ExtendedProperties />
        <CaptionAlignment>left</CaptionAlignment>
        <StyleScheme />
        <ButtonType>Icon</ButtonType>
        <Image>[Localization!Global_Images:Save_16x16]</Image>
        <OnClientClick />
        <OnClickAction>
          <ResourceKey>cmdSave</ResourceKey>
          <Action typeName="Sage.Platform.QuickForms.ActionItems.BusinessRuleActionItem, Sage.Platform.QuickForms">
            <BusinessRuleActionItem>
              <BusinessRule>Save</BusinessRule>
              <Object>DeliveryItem</Object>
              <Parameters />
              <PassResultsToNextAction>False</PassResultsToNextAction>
              <OnComplete typeName="Sage.Platform.QuickForms.ActionItems.NoActionActionItem, Sage.Platform.QuickForms">
                <NoActionActionItem>
                  <MethodName />
                </NoActionActionItem>
              </OnComplete>
            </BusinessRuleActionItem>
          </Action>
          <IsDialogCloseAction>False</IsDialogCloseAction>
          <RunOnEveryRePaint>False</RunOnEveryRePaint>
          <DialogActionResult>NoResult</DialogActionResult>
          <PerformsUpdate>True</PerformsUpdate>
          <AppliedSecurity />
          <RefreshData>False</RefreshData>
        </OnClickAction>
      </QFButton>
    </Control>
    <Control typeName="Sage.Platform.QuickForms.Controls.QFButton, Sage.Platform.QuickForms">
      <QFButton>
        <Column>0</Column>
        <Row>0</Row>
        <IsReadOnly>false</IsReadOnly>
        <HotKey>0</HotKey>
        <TabIndex>0</TabIndex>
        <ControlId>cmdDelete</ControlId>
        <DataBindings />
        <ControlLabelPlacement>none</ControlLabelPlacement>
        <ExtendedProperties />
        <CaptionAlignment>left</CaptionAlignment>
        <StyleScheme />
        <ButtonType>Icon</ButtonType>
        <Image>[Localization!Global_Images:Delete_16x16]</Image>
        <OnClientClick />
        <OnClickAction>
          <ResourceKey>cmdDelete</ResourceKey>
          <Action typeName="Sage.Platform.QuickForms.ActionItems.BusinessRuleActionItem, Sage.Platform.QuickForms">
            <BusinessRuleActionItem>
              <BusinessRule>Delete</BusinessRule>
              <Object>DeliveryItem</Object>
              <Parameters />
              <PassResultsToNextAction>False</PassResultsToNextAction>
              <OnComplete typeName="Sage.Platform.QuickForms.ActionItems.RedirectActionItem, Sage.Platform.QuickForms">
                <RedirectActionItem>
                  <MethodName>cmdDelete_ClickActionBRC</MethodName>
                  <RawURL />
                  <MainViewEntityName>DeliveryItem</MainViewEntityName>
                  <UseCurrentIdInLink>false</UseCurrentIdInLink>
                  <EntityViewMode>List</EntityViewMode>
                </RedirectActionItem>
              </OnComplete>
            </BusinessRuleActionItem>
          </Action>
          <IsDialogCloseAction>False</IsDialogCloseAction>
          <RunOnEveryRePaint>False</RunOnEveryRePaint>
          <DialogActionResult>NoResult</DialogActionResult>
          <PerformsUpdate>False</PerformsUpdate>
          <AppliedSecurity />
          <RefreshData>False</RefreshData>
        </OnClickAction>
      </QFButton>
    </Control>
  </ToolControls>
  <Columns>
    <ColumnStyle>
      <SizeType>Percent</SizeType>
      <Width>33</Width>
    </ColumnStyle>
    <ColumnStyle>
      <SizeType>Percent</SizeType>
      <Width>33</Width>
    </ColumnStyle>
    <ColumnStyle>
      <SizeType>Percent</SizeType>
      <Width>33</Width>
    </ColumnStyle>
  </Columns>
  <Rows>
    <RowStyle>
      <SizeType>Absolute</SizeType>
      <Height>35</Height>
    </RowStyle>
    <RowStyle>
      <SizeType>Absolute</SizeType>
      <Height>35</Height>
    </RowStyle>
    <RowStyle>
      <SizeType>Absolute</SizeType>
      <Height>35</Height>
    </RowStyle>
    <RowStyle>
      <SizeType>Absolute</SizeType>
      <Height>35</Height>
    </RowStyle>
    <RowStyle>
      <SizeType>Absolute</SizeType>
      <Height>35</Height>
    </RowStyle>
    <RowStyle>
      <SizeType>Absolute</SizeType>
      <Height>35</Height>
    </RowStyle>
    <RowStyle>
      <SizeType>Absolute</SizeType>
      <Height>35</Height>
    </RowStyle>
    <RowStyle>
      <SizeType>Absolute</SizeType>
      <Height>35</Height>
    </RowStyle>
    <RowStyle>
      <SizeType>Absolute</SizeType>
      <Height>35</Height>
    </RowStyle>
    <RowStyle>
      <SizeType>Absolute</SizeType>
      <Height>35</Height>
    </RowStyle>
  </Rows>
  <Description />
  <UseEntityNameAsTitle>true</UseEntityNameAsTitle>
  <EntityTypeName>IDeliveryItem</EntityTypeName>
  <DefaultNamespace>Sage.Entity.Interfaces</DefaultNamespace>
  <AssemblyName>Sage.Entity.Interfaces</AssemblyName>
</QuickForm>