<?xml version="1.0"?>
<QuickForm xmlns:xsi="http://www.w3.org/2001/XMLSchema-instance" xmlns:xsd="http://www.w3.org/2001/XMLSchema" id="372ff088-5a97-435b-82f2-3638a4bbf45c" DefinitionType="Sage.Platform.QuickForms.QuickFormMainDetailViewDefinition, Sage.Platform.QuickForms">
  <ActiveControl />
  <ImagePath />
  <LoadActions />
  <Name>DeliveryItemExtendedDetails</Name>
  <ClientScriptIncludes />
  <ClientResourceKeys />
  <ExtendedProperties />
  <HelpFile />
  <ReadOnly>false</ReadOnly>
  <GeneratePrintView>false</GeneratePrintView>
  <Controls>
    <Control typeName="Sage.Platform.QuickForms.QFControls.QFHorizontalSeparator, Sage.Platform.QuickForms.QFControls">
      <QFHorizontalSeparator>
        <ColumnSpan>2</ColumnSpan>
        <Column>0</Column>
        <Row>0</Row>
        <IsReadOnly>false</IsReadOnly>
        <HotKey>48</HotKey>
        <TabIndex>0</TabIndex>
        <ControlId>sepErrorMsg</ControlId>
        <DataBindings />
        <ControlLabelPlacement>none</ControlLabelPlacement>
        <ExtendedProperties />
        <CaptionAlignment>left</CaptionAlignment>
        <StyleScheme />
        <DisplayAsTitleBar>false</DisplayAsTitleBar>
      </QFHorizontalSeparator>
    </Control>
  </Controls>
  <ToolControls>
    <Control typeName="Sage.Platform.QuickForms.Controls.QFElementSpacer, Sage.Platform.QuickForms">
      <QFElementSpacer>
        <Column>0</Column>
        <Row>0</Row>
        <IsReadOnly>false</IsReadOnly>
        <HotKey>0</HotKey>
        <TabIndex>0</TabIndex>
        <ControlId>9660feca324d57ab326ff16f2e7947</ControlId>
        <DataBindings />
        <ControlLabelPlacement>left</ControlLabelPlacement>
        <ExtendedProperties />
        <CaptionAlignment>left</CaptionAlignment>
        <StyleScheme />
      </QFElementSpacer>
    </Control>
    <Control typeName="Sage.Platform.QuickForms.Controls.QFElementSpacer, Sage.Platform.QuickForms">
      <QFElementSpacer>
        <Column>0</Column>
        <Row>0</Row>
        <IsReadOnly>false</IsReadOnly>
        <HotKey>0</HotKey>
        <TabIndex>0</TabIndex>
        <ControlId>ce0b65e82cd4f599703c0c7ee572955</ControlId>
        <DataBindings />
        <ControlLabelPlacement>left</ControlLabelPlacement>
        <ExtendedProperties />
        <CaptionAlignment>left</CaptionAlignment>
        <StyleScheme />
      </QFElementSpacer>
    </Control>
  </ToolControls>
  <Columns>
    <ColumnStyle>
      <SizeType>Percent</SizeType>
      <Width>100</Width>
    </ColumnStyle>
  </Columns>
  <Rows>
    <RowStyle>
      <SizeType>Absolute</SizeType>
      <Height>35</Height>
    </RowStyle>
  </Rows>
  <Description />
  <UseEntityNameAsTitle>true</UseEntityNameAsTitle>
  <EntityTypeName>IDeliveryItem</EntityTypeName>
  <DefaultNamespace>Sage.Entity.Interfaces</DefaultNamespace>
  <AssemblyName>Sage.Entity.Interfaces</AssemblyName>
</QuickForm>