<?xml version="1.0"?>
<entity xmlns:xsi="http://www.w3.org/2001/XMLSchema-instance" xmlns:xsd="http://www.w3.org/2001/XMLSchema" id="548a40fe-5105-45fe-9b41-e907948cbf32" lastModifiedUtc="2013-10-30T03:57:25.497451Z" manageSchema="false" tableName="DELIVERYSYSTEM" name="DeliverySystem" displayPropertyId="01edc5f3-80a7-4f83-9a7f-6e081152a188" isExtension="false" audited="false" smallImage="[Localization!Global_Images:DeliverySystem_16x16]" largeImage="[Localization!Global_Images:DeliverySystem_24x24]" onBeforeInsertMethodId="c3463fa2-aee9-40f4-bd40-022d921c6e0e" onAfterInsertMethodId="66fb8b83-1438-4148-b482-df1578321a15" onBeforeUpdateMethodId="9051877a-263a-480b-8c5a-d5a6fe3efefa" onAfterUpdateMethodId="47d1af31-f3ff-4515-9652-fdc0a585d998" onBeforeDeleteMethodId="d55d70cf-fe51-4542-8fa0-f9cc474c670b" onAfterDeleteMethodId="48a6ad50-3492-477b-806a-76c86b69eae8" onCreateId="92017a3a-a4f0-4d7f-8687-d40a4531c377">
  <extendedMetaData />
  <ExtendedPropertiesCollection>
    <extendee type="Sage.Platform.Orm.Entities.OrmEntity">
      <extender guid="1589723d-0536-4bf3-bdd7-3f6f7fe165d0">
        <OrmEntityMetadataExtension>
          <StringExpression>${SystemName}</StringExpression>
          <IsHistoryTable>false</IsHistoryTable>
        </OrmEntityMetadataExtension>
      </extender>
      <extender guid="76aa0e24-2c8f-3b71-a1f9-ca6db3db4459">
        <OrmEntitySDataExtension generateFeed="true" pathName="deliverySystems" lastUpdatedPropertyId="5da305ff-3223-454f-abd6-be4696464aa7" canPost="true" canPut="true" canDelete="true" />
      </extender>
    </extendee>
  </ExtendedPropertiesCollection>
  <description>Delivery Systems</description>
  <keyProperties>
    <keyReference id="1a3cbb3e-a6ff-49a1-8dee-9b88cc515f2a" ordinalPosition="1" />
  </keyProperties>
  <properties>
    <property xsi:type="OrmFieldProperty" id="31d6d488-dbad-416b-bc90-9a89d3d6929c" lastModifiedUtc="2013-10-30T03:31:04.79504Z" name="CreateDate" audited="false" columnName="CREATEDATE" maxLength="0" precision="0" scale="0" ordinal="2" isReadOnly="false">
      <ExtendedPropertiesCollection>
        <extendee type="Sage.Platform.Orm.Entities.OrmFieldProperty">
          <extender guid="ae60621d-9d91-3d9a-b9fb-eb6c8be12131">
            <OrmEntityPropertySDataExtension generate="true" />
          </extender>
        </extendee>
      </ExtendedPropertiesCollection>
      <SystemDataType guid="1f08f2eb-87c8-443b-a7c2-a51f590923f5">
        <DateTimeDataType />
      </SystemDataType>
    </property>
    <property xsi:type="OrmFieldProperty" id="58300294-b261-4e20-878a-b5d15990d831" lastModifiedUtc="2013-10-30T03:31:04.79604Z" name="CreateUser" audited="false" columnName="CREATEUSER" maxLength="12" precision="0" scale="0" ordinal="1" isReadOnly="false">
      <ExtendedPropertiesCollection>
        <extendee type="Sage.Platform.Orm.Entities.OrmFieldProperty">
          <extender guid="ae60621d-9d91-3d9a-b9fb-eb6c8be12131">
            <OrmEntityPropertySDataExtension generate="true" />
          </extender>
        </extendee>
      </ExtendedPropertiesCollection>
      <SystemDataType guid="30053f5a-8d40-4db1-b185-1e4128eb26cc">
        <StandardIdDataType />
      </SystemDataType>
    </property>
    <property xsi:type="OrmFieldProperty" id="1a3cbb3e-a6ff-49a1-8dee-9b88cc515f2a" lastModifiedUtc="2013-10-30T03:31:04.79604Z" name="DeliverySystemId" audited="false" isNullable="false" include="false" columnName="DELIVERYSYSTEMID" maxLength="12" precision="0" scale="0" ordinal="0" isReadOnly="false">
      <ExtendedPropertiesCollection>
        <extendee type="Sage.Platform.Orm.Entities.OrmFieldProperty">
          <extender guid="ae60621d-9d91-3d9a-b9fb-eb6c8be12131">
            <OrmEntityPropertySDataExtension generate="true" />
          </extender>
        </extendee>
      </ExtendedPropertiesCollection>
      <SystemDataType guid="30053f5a-8d40-4db1-b185-1e4128eb26cc">
        <StandardIdDataType />
      </SystemDataType>
    </property>
    <property xsi:type="OrmFieldProperty" id="5da305ff-3223-454f-abd6-be4696464aa7" lastModifiedUtc="2013-10-30T03:31:04.7970401Z" name="ModifyDate" audited="false" columnName="MODIFYDATE" maxLength="0" precision="0" scale="0" ordinal="4" isReadOnly="false">
      <ExtendedPropertiesCollection>
        <extendee type="Sage.Platform.Orm.Entities.OrmFieldProperty">
          <extender guid="ae60621d-9d91-3d9a-b9fb-eb6c8be12131">
            <OrmEntityPropertySDataExtension generate="true" />
          </extender>
        </extendee>
      </ExtendedPropertiesCollection>
      <SystemDataType guid="1f08f2eb-87c8-443b-a7c2-a51f590923f5">
        <DateTimeDataType />
      </SystemDataType>
    </property>
    <property xsi:type="OrmFieldProperty" id="0627629a-2508-49b7-9f53-32816625dc10" lastModifiedUtc="2013-10-30T03:31:04.7970401Z" name="ModifyUser" audited="false" columnName="MODIFYUSER" maxLength="12" precision="0" scale="0" ordinal="3" isReadOnly="false">
      <ExtendedPropertiesCollection>
        <extendee type="Sage.Platform.Orm.Entities.OrmFieldProperty">
          <extender guid="ae60621d-9d91-3d9a-b9fb-eb6c8be12131">
            <OrmEntityPropertySDataExtension generate="true" />
          </extender>
        </extendee>
      </ExtendedPropertiesCollection>
      <SystemDataType guid="30053f5a-8d40-4db1-b185-1e4128eb26cc">
        <StandardIdDataType />
      </SystemDataType>
    </property>
    <property xsi:type="OrmFieldProperty" id="01edc5f3-80a7-4f83-9a7f-6e081152a188" lastModifiedUtc="2013-10-30T03:31:04.7980401Z" name="SystemName" audited="false" columnName="SYSTEMNAME" maxLength="64" precision="0" scale="0" ordinal="5" isReadOnly="false">
      <ExtendedPropertiesCollection>
        <extendee type="Sage.Platform.Orm.Entities.OrmFieldProperty">
          <extender guid="ae60621d-9d91-3d9a-b9fb-eb6c8be12131">
            <OrmEntityPropertySDataExtension generate="true" />
          </extender>
        </extendee>
      </ExtendedPropertiesCollection>
      <SystemDataType guid="ccc0f01d-7ba5-408e-8526-a3f942354b3a">
        <TextDataType>
          <Length>64</Length>
        </TextDataType>
      </SystemDataType>
    </property>
    <property xsi:type="OrmFieldProperty" id="82f32b1f-d232-44b5-83eb-6e330ef9e6ce" lastModifiedUtc="2013-10-30T03:50:28.5986057Z" name="SystemType" audited="false" columnName="SYSTEMTYPE" maxLength="64" precision="0" scale="0" ordinal="6" isReadOnly="false">
      <ExtendedPropertiesCollection>
        <extendee type="Sage.Platform.Orm.Entities.OrmFieldProperty">
          <extender guid="ae60621d-9d91-3d9a-b9fb-eb6c8be12131">
            <OrmEntityPropertySDataExtension generate="true" />
          </extender>
        </extendee>
      </ExtendedPropertiesCollection>
      <SystemDataType guid="b71918bf-fac1-4b62-9ed5-0b0294bc9900">
        <PickListDataType>
          <PickListName>Delivery System Types</PickListName>
          <ValueStoredAsText>true</ValueStoredAsText>
          <AllowMultiples>false</AllowMultiples>
          <MustExistInList>true</MustExistInList>
          <NoneEditable>false</NoneEditable>
          <AlphaSort>false</AlphaSort>
          <Length>64</Length>
        </PickListDataType>
      </SystemDataType>
    </property>
    <property xsi:type="OrmFieldProperty" id="acdaf27e-2ab7-4c5f-84fc-f6e26170410c" lastModifiedUtc="2013-10-30T03:32:59.4815997Z" name="ServerAddress" audited="false" columnName="SERVERADDRESS" maxLength="256" precision="0" scale="0" ordinal="14" isReadOnly="false">
      <ExtendedPropertiesCollection>
        <extendee type="Sage.Platform.Orm.Entities.OrmFieldProperty">
          <extender guid="ae60621d-9d91-3d9a-b9fb-eb6c8be12131">
            <OrmEntityPropertySDataExtension generate="true" />
          </extender>
        </extendee>
      </ExtendedPropertiesCollection>
      <SystemDataType guid="ccc0f01d-7ba5-408e-8526-a3f942354b3a">
        <TextDataType>
          <Length>256</Length>
        </TextDataType>
      </SystemDataType>
    </property>
    <property xsi:type="OrmFieldProperty" id="40564e4a-daec-4228-aba3-51682863d2bb" lastModifiedUtc="2013-10-30T03:49:39.4287934Z" name="UserDomain" audited="false" columnName="USERDOMAIN" maxLength="64" precision="0" scale="0" ordinal="13" isReadOnly="false">
      <ExtendedPropertiesCollection>
        <extendee type="Sage.Platform.Orm.Entities.OrmFieldProperty">
          <extender guid="ae60621d-9d91-3d9a-b9fb-eb6c8be12131">
            <OrmEntityPropertySDataExtension generate="true" />
          </extender>
        </extendee>
      </ExtendedPropertiesCollection>
      <SystemDataType guid="ccc0f01d-7ba5-408e-8526-a3f942354b3a">
        <TextDataType>
          <Length>64</Length>
        </TextDataType>
      </SystemDataType>
    </property>
    <property xsi:type="OrmFieldProperty" id="c68e627c-4c50-4182-9263-eccea9bef9ed" lastModifiedUtc="2013-10-30T03:49:48.4623101Z" name="UserPassword" audited="false" columnName="USERPASSWORD" maxLength="128" precision="0" scale="0" ordinal="12" isReadOnly="false">
      <ExtendedPropertiesCollection>
        <extendee type="Sage.Platform.Orm.Entities.OrmFieldProperty">
          <extender guid="ae60621d-9d91-3d9a-b9fb-eb6c8be12131">
            <OrmEntityPropertySDataExtension generate="true" />
          </extender>
        </extendee>
      </ExtendedPropertiesCollection>
      <SystemDataType guid="ccc0f01d-7ba5-408e-8526-a3f942354b3a">
        <TextDataType>
          <Length>128</Length>
        </TextDataType>
      </SystemDataType>
    </property>
    <property xsi:type="OrmFieldProperty" id="9a3d1c36-8585-48d8-935c-318a6e253a0a" lastModifiedUtc="2013-10-30T03:49:44.3260735Z" name="UserName" audited="false" columnName="USERNAME" maxLength="128" precision="0" scale="0" ordinal="11" isReadOnly="false">
      <ExtendedPropertiesCollection>
        <extendee type="Sage.Platform.Orm.Entities.OrmFieldProperty">
          <extender guid="ae60621d-9d91-3d9a-b9fb-eb6c8be12131">
            <OrmEntityPropertySDataExtension generate="true" />
          </extender>
        </extendee>
      </ExtendedPropertiesCollection>
      <SystemDataType guid="ccc0f01d-7ba5-408e-8526-a3f942354b3a">
        <TextDataType>
          <Length>128</Length>
        </TextDataType>
      </SystemDataType>
    </property>
    <property xsi:type="OrmFieldProperty" id="85d7a4da-027d-45d0-8fc6-92a7371fa330" lastModifiedUtc="2013-10-30T03:49:35.9405939Z" name="SmtpPort" audited="false" columnName="SMTPPORT" maxLength="0" precision="10" scale="0" ordinal="10" isReadOnly="false">
      <ExtendedPropertiesCollection>
        <extendee type="Sage.Platform.Orm.Entities.OrmFieldProperty">
          <extender guid="ae60621d-9d91-3d9a-b9fb-eb6c8be12131">
            <OrmEntityPropertySDataExtension generate="true" />
          </extender>
        </extendee>
      </ExtendedPropertiesCollection>
      <SystemDataType guid="47f90249-e4c8-4564-9ae6-e1fa9904f8b8">
        <IntegerDataType />
      </SystemDataType>
    </property>
    <property xsi:type="OrmFieldProperty" id="ca3c6985-1a70-4f6b-b327-ccc0ca2211f5" lastModifiedUtc="2013-10-30T03:49:29.3592174Z" name="SmtpIsBodyHtml" audited="false" columnName="SMTPISBODYHTML" maxLength="1" precision="0" scale="0" ordinal="9" isReadOnly="false">
      <ExtendedPropertiesCollection>
        <extendee type="Sage.Platform.Orm.Entities.OrmFieldProperty">
          <extender guid="ae60621d-9d91-3d9a-b9fb-eb6c8be12131">
            <OrmEntityPropertySDataExtension generate="true" />
          </extender>
        </extendee>
      </ExtendedPropertiesCollection>
      <SystemDataType guid="92432b4d-8206-4a96-ba7b-e4cbd374f148">
        <TrueFalseDataType />
      </SystemDataType>
    </property>
    <property xsi:type="OrmFieldProperty" id="81f3335c-0466-4500-a952-1777db089a91" lastModifiedUtc="2013-10-30T03:49:24.647948Z" name="SmtpEnableSsl" audited="false" columnName="SMTPENABLESSL" maxLength="1" precision="0" scale="0" ordinal="8" isReadOnly="false">
      <ExtendedPropertiesCollection>
        <extendee type="Sage.Platform.Orm.Entities.OrmFieldProperty">
          <extender guid="ae60621d-9d91-3d9a-b9fb-eb6c8be12131">
            <OrmEntityPropertySDataExtension generate="true" />
          </extender>
        </extendee>
      </ExtendedPropertiesCollection>
      <SystemDataType guid="92432b4d-8206-4a96-ba7b-e4cbd374f148">
        <TrueFalseDataType />
      </SystemDataType>
    </property>
    <property xsi:type="OrmFieldProperty" id="c379a5db-7d75-4761-b04d-ff3df92c3f54" lastModifiedUtc="2013-10-30T03:50:47.9977153Z" name="EmailAddress" audited="false" columnName="EMAILADDRESS" maxLength="128" precision="0" scale="0" ordinal="7" isReadOnly="false">
      <ExtendedPropertiesCollection>
        <extendee type="Sage.Platform.Orm.Entities.OrmFieldProperty">
          <extender guid="ae60621d-9d91-3d9a-b9fb-eb6c8be12131">
            <OrmEntityPropertySDataExtension generate="true" />
          </extender>
        </extendee>
      </ExtendedPropertiesCollection>
      <SystemDataType guid="31e8638d-4232-4c61-8827-d94132a33887">
        <EmailDataType>
          <Length>128</Length>
        </EmailDataType>
      </SystemDataType>
    </property>
  </properties>
</entity>