<?xml version="1.0"?>
<method xmlns:xsi="http://www.w3.org/2001/XMLSchema-instance" xmlns:xsd="http://www.w3.org/2001/XMLSchema" id="92017a3a-a4f0-4d7f-8687-d40a4531c377" lastModifiedUtc="2012-05-03T20:08:48.0894375Z" name="OnCreate" methodType="CrudEvent" actionType="None" returnMode="None">
  <extendedMetaData />
  <ExtendedPropertiesCollection>
    <extendee type="Sage.Platform.Orm.Entities.OrmEntityMethod" />
  </ExtendedPropertiesCollection>
  <parameter />
  <preExecuteTargets>
    <methodTarget xsi:type="OrmMethodTargetSnippet" id="4d739939-320c-4348-9141-0cb953649d05" lastModifiedUtc="2013-11-27T15:30:22.2526881Z" targetType="Sage.BusinessRules.CodeSnippets.DeliverySystemBusinessRules, Sage.SnippetLibrary.CSharp" targetMethod="OnCreateStep" active="true" codeSnippetId="62954ccd-72a4-4200-8a53-e49fbab4a584">
      <ExtendedPropertiesCollection>
        <extendee type="Sage.Platform.Orm.Entities.OrmMethodTargetSnippet" />
      </ExtendedPropertiesCollection>
    </methodTarget>
  </preExecuteTargets>
  <methodTargets>
    <methodTarget id="1dc6f313-1e27-439c-8ced-7ce31a4a9d38" lastModifiedUtc="2012-05-03T20:08:45.8677578Z" targetType="Sage.Platform.Orm.DefaultCRUDEventHandler, Sage.Platform" targetMethod="OnCreate" active="true">
      <ExtendedPropertiesCollection>
        <extendee type="Sage.Platform.Orm.Entities.OrmMethodTarget" />
      </ExtendedPropertiesCollection>
    </methodTarget>
  </methodTargets>
  <postExecuteTargets />
  <postFlushTargets />
</method>