<?xml version="1.0"?>
<method xmlns:xsi="http://www.w3.org/2001/XMLSchema-instance" xmlns:xsd="http://www.w3.org/2001/XMLSchema" id="9b2c3e8b-f87d-4ffd-998a-470084b5b674" lastModifiedUtc="2013-11-12T03:42:25.4608805Z" name="PurgeOldDeliveryItems" methodType="Rule" actionType="None" returnMode="None">
  <extendedMetaData />
  <ExtendedPropertiesCollection>
    <extendee type="Sage.Platform.Orm.Entities.OrmEntityMethod" />
  </ExtendedPropertiesCollection>
  <parameter />
  <preExecuteTargets />
  <methodTargets>
    <methodTarget xsi:type="OrmMethodTargetSnippet" id="4d39fcac-c27d-44af-9811-49163e7ee7a2" lastModifiedUtc="2013-11-12T03:43:10.401451Z" targetType="Sage.BusinessRules.CodeSnippets.DeliverySystemBusinessRules, Sage.SnippetLibrary.CSharp" targetMethod="PurgeOldDeliveryItemsStep" active="true" codeSnippetId="5fe30c3d-ce9c-4c79-b42b-0a750e15ddd5">
      <ExtendedPropertiesCollection>
        <extendee type="Sage.Platform.Orm.Entities.OrmMethodTargetSnippet" />
      </ExtendedPropertiesCollection>
    </methodTarget>
  </methodTargets>
  <postExecuteTargets />
  <postFlushTargets />
</method>