<?xml version="1.0"?>
<SchedulerTrigger xmlns:xsi="http://www.w3.org/2001/XMLSchema-instance" xmlns:xsd="http://www.w3.org/2001/XMLSchema" id="45313028-e5f6-4542-ad48-11880a01db4a">
  <InstanceId>4d20cc58a150462aa5b6613688c849c0</InstanceId>
  <JobId>5dd3e528f72546eb92b421e331a026db</JobId>
  <Name>Process Notifications every X minutes</Name>
  <StartTimeUtc xsi:nil="true" />
  <EndTimeUtc xsi:nil="true" />
  <RepeatCount xsi:nil="true" />
  <CronExpression>0 0/5 * 1/1 * ? *</CronExpression>
  <Priority xsi:nil="true" />
  <Parameters />
</SchedulerTrigger>