<?xml version="1.0"?>
<SmartPartMapping xmlns:xsi="http://www.w3.org/2001/XMLSchema-instance" xmlns:xsd="http://www.w3.org/2001/XMLSchema" id="45cc0f0c-7cff-4bd1-bbf4-ccac5402b2e9">
  <SmartPartId>InsertNotificationTarget</SmartPartId>
  <ReferencedModelId>b2741b79-02a2-4f4c-81cd-c204f82cf41c</ReferencedModelId>
  <SmartPart>\Entity Model\SalesLogix Application Entities\NotificationTarget\QuickForms\InsertNotificationTarget.main.quickform.xml</SmartPart>
  <TargetWorkspace>DialogWorkspace</TargetWorkspace>
  <ShowInMode />
  <Properties />
  <AllowRoles />
</SmartPartMapping>