<?xml version="1.0"?>
<SmartPartMapping xmlns:xsi="http://www.w3.org/2001/XMLSchema-instance" xmlns:xsd="http://www.w3.org/2001/XMLSchema" id="b071913d-6147-47ed-9fb1-0203df1b2850">
  <SmartPartId>NotificationEventDetails</SmartPartId>
  <ReferencedModelId>b2741b79-02a2-4f4c-81cd-c204f82cf41c</ReferencedModelId>
  <SmartPart>\Entity Model\SalesLogix Application Entities\NotificationEvent\QuickForms\NotificationEventDetails.main.quickform.xml</SmartPart>
  <TargetWorkspace>MainContent</TargetWorkspace>
  <ShowInMode>Detail</ShowInMode>
  <Properties />
  <AllowRoles />
</SmartPartMapping>